pool,window_id,window_start_ts,window_seconds,n_events,sigma_per_sqrt_s,dt_seconds,w_ticks,n_samples,pin_empirical_mean,pin_empirical_sd,pin_gaussian,delta_empirical_minus_gaussian
0xb2cc224c1c9fee385f8ad6a55b4d94e92359dc59,0,1734789357,86400,16274,1.046495e-04,2,200,1500,1.000000,0.000000,1.000000,0.000000
0xb2cc224c1c9fee385f8ad6a55b4d94e92359dc59,0,1734789357,86400,16274,1.046495e-04,2,500,1500,1.000000,0.000000,1.000000,0.000000
0xb2cc224c1c9fee385f8ad6a55b4d94e92359dc59,0,1734789357,86400,16274,1.046495e-04,2,1000,1500,1.000000,0.000000,1.000000,0.000000
0xb2cc224c1c9fee385f8ad6a55b4d94e92359dc59,0,1734789357,86400,16274,1.046495e-04,10,200,1500,1.000000,0.000000,1.000000,0.000000
0xb2cc224c1c9fee385f8ad6a55b4d94e92359dc59,0,1734789357,86400,16274,1.046495e-04,10,500,1500,1.000000,0.000000,1.000000,0.000000
0xb2cc224c1c9fee385f8ad6a55b4d94e92359dc59,0,1734789357,86400,16274,1.046495e-04,10,1000,1500,1.000000,0.000000,1.000000,0.000000
0xb2cc224c1c9fee385f8ad6a55b4d94e92359dc59,0,1734789357,86400,16274,1.046495e-04,30,200,1500,1.000000,0.000000,1.000000,0.000000
0xb2cc224c1c9fee385f8ad6a55b4d94e92359dc59,0,1734789357,86400,16274,1.046495e-04,30,500,1500,1.000000,0.000000,1.000000,0.000000
0xb2cc224c1c9fee385f8ad6a55b4d94e92359dc59,0,1734789357,86400,16274,1.046495e-04,30,1000,1500,1.000000,0.000000,1.000000,0.000000
0xb2cc224c1c9fee385f8ad6a55b4d94e92359dc59,0,1734789357,86400,16274,1.046495e-04,60,200,1500,1.000000,0.000000,1.000000,0.000000
0xb2cc224c1c9fee385f8ad6a55b4d94e92359dc59,0,1734789357,86400,16274,1.046495e-04,60,500,1500,1.000000,0.000000,1.000000,0.000000
0xb2cc224c1c9fee385f8ad6a55b4d94e92359dc59,0,1734789357,86400,16274,1.046495e-04,60,1000,1500,1.000000,0.000000,1.000000,0.000000
0xb2cc224c1c9fee385f8ad6a55b4d94e92359dc59,0,1734789357,86400,16274,1.046495e-04,120,200,1500,1.000000,0.000000,1.000000,0.000000
0xb2cc224c1c9fee385f8ad6a55b4d94e92359dc59,0,1734789357,86400,16274,1.046495e-04,120,500,1500,1.000000,0.000000,1.000000,0.000000
0xb2cc224c1c9fee385f8ad6a55b4d94e92359dc59,0,1734789357,86400,16274,1.046495e-04,120,1000,1500,1.000000,0.000000,1.000000,0.000000
0xb2cc224c1c9fee385f8ad6a55b4d94e92359dc59,0,1734789357,86400,16274,1.046495e-04,300,200,1500,1.000000,0.000000,1.000000,0.000000
0xb2cc224c1c9fee385f8ad6a55b4d94e92359dc59,0,1734789357,86400,16274,1.046495e-04,300,500,1500,1.000000,0.000000,1.000000,0.000000
0xb2cc224c1c9fee385f8ad6a55b4d94e92359dc59,0,1734789357,86400,16274,1.046495e-04,300,1000,1500,1.000000,0.000000,1.000000,0.000000
0xb2cc224c1c9fee385f8ad6a55b4d94e92359dc59,0,1734789357,86400,16274,1.046495e-04,600,200,1500,1.000000,0.000000,0.999990,0.000010
0xb2cc224c1c9fee385f8ad6a55b4d94e92359dc59,0,1734789357,86400,16274,1.046495e-04,600,500,1500,1.000000,0.000000,1.000000,0.000000
0xb2cc224c1c9fee385f8ad6a55b4d94e92359dc59,0,1734789357,86400,16274,1.046495e-04,600,1000,1500,1.000000,0.000000,1.000000,0.000000
0xb2cc224c1c9fee385f8ad6a55b4d94e92359dc59,0,1734789357,86400,16274,1.046495e-04,1800,200,1500,0.999022,0.013307,0.994644,0.004379
0xb2cc224c1c9fee385f8ad6a55b4d94e92359dc59,0,1734789357,86400,16274,1.046495e-04,1800,500,1500,1.000000,0.000000,1.000000,0.000000
0xb2cc224c1c9fee385f8ad6a55b4d94e92359dc59,0,1734789357,86400,16274,1.046495e-04,1800,1000,1500,1.000000,0.000000,1.000000,0.000000
0xb2cc224c1c9fee385f8ad6a55b4d94e92359dc59,0,1734789357,86400,16274,1.046495e-04,3600,200,1500,0.990297,0.042531,0.964076,0.026221
0xb2cc224c1c9fee385f8ad6a55b4d94e92359dc59,0,1734789357,86400,16274,1.046495e-04,3600,500,1500,1.000000,0.000000,0.999993,0.000007
0xb2cc224c1c9fee385f8ad6a55b4d94e92359dc59,0,1734789357,86400,16274,1.046495e-04,3600,1000,1500,1.000000,0.000000,1.000000,0.000000
0xb2cc224c1c9fee385f8ad6a55b4d94e92359dc59,0,1734789357,86400,16274,1.046495e-04,7200,200,1500,0.956315,0.094741,0.886611,0.069704
0xb2cc224c1c9fee385f8ad6a55b4d94e92359dc59,0,1734789357,86400,16274,1.046495e-04,7200,500,1500,1.000000,0.000000,0.999197,0.000803
0xb2cc224c1c9fee385f8ad6a55b4d94e92359dc59,0,1734789357,86400,16274,1.046495e-04,7200,1000,1500,1.000000,0.000000,1.000000,0.000000
0xb2cc224c1c9fee385f8ad6a55b4d94e92359dc59,0,1734789357,86400,16274,1.046495e-04,21600,200,1500,0.842104,0.161793,0.686386,0.155718
0xb2cc224c1c9fee385f8ad6a55b4d94e92359dc59,0,1734789357,86400,16274,1.046495e-04,21600,500,1500,0.999780,0.002004,0.967066,0.032714
0xb2cc224c1c9fee385f8ad6a55b4d94e92359dc59,0,1734789357,86400,16274,1.046495e-04,21600,1000,1500,1.000000,0.000000,0.999846,0.000154
0xb2cc224c1c9fee385f8ad6a55b4d94e92359dc59,0,1734789357,86400,16274,1.046495e-04,43200,200,1500,0.704253,0.199039,0.547841,0.156412
0xb2cc224c1c9fee385f8ad6a55b4d94e92359dc59,0,1734789357,86400,16274,1.046495e-04,43200,500,1500,0.995254,0.026243,0.892524,0.102730
0xb2cc224c1c9fee385f8ad6a55b4d94e92359dc59,0,1734789357,86400,16274,1.046495e-04,43200,1000,1500,1.000000,0.000000,0.995375,0.004625
0xb2cc224c1c9fee385f8ad6a55b4d94e92359dc59,1,1735872556,86400,14201,6.406796e-05,2,200,1500,1.000000,0.000000,1.000000,0.000000
0xb2cc224c1c9fee385f8ad6a55b4d94e92359dc59,1,1735872556,86400,14201,6.406796e-05,2,500,1500,1.000000,0.000000,1.000000,0.000000
0xb2cc224c1c9fee385f8ad6a55b4d94e92359dc59,1,1735872556,86400,14201,6.406796e-05,2,1000,1500,1.000000,0.000000,1.000000,0.000000
0xb2cc224c1c9fee385f8ad6a55b4d94e92359dc59,1,1735872556,86400,14201,6.406796e-05,10,200,1500,1.000000,0.000000,1.000000,0.000000
0xb2cc224c1c9fee385f8ad6a55b4d94e92359dc59,1,1735872556,86400,14201,6.406796e-05,10,500,1500,1.000000,0.000000,1.000000,0.000000
0xb2cc224c1c9fee385f8ad6a55b4d94e92359dc59,1,1735872556,86400,14201,6.406796e-05,10,1000,1500,1.000000,0.000000,1.000000,0.000000
0xb2cc224c1c9fee385f8ad6a55b4d94e92359dc59,1,1735872556,86400,14201,6.406796e-05,30,200,1500,1.000000,0.000000,1.000000,0.000000
0xb2cc224c1c9fee385f8ad6a55b4d94e92359dc59,1,1735872556,86400,14201,6.406796e-05,30,500,1500,1.000000,0.000000,1.000000,0.000000
0xb2cc224c1c9fee385f8ad6a55b4d94e92359dc59,1,1735872556,86400,14201,6.406796e-05,30,1000,1500,1.000000,0.000000,1.000000,0.000000
0xb2cc224c1c9fee385f8ad6a55b4d94e92359dc59,1,1735872556,86400,14201,6.406796e-05,60,200,1500,1.000000,0.000000,1.000000,0.000000
0xb2cc224c1c9fee385f8ad6a55b4d94e92359dc59,1,1735872556,86400,14201,6.406796e-05,60,500,1500,1.000000,0.000000,1.000000,0.000000
0xb2cc224c1c9fee385f8ad6a55b4d94e92359dc59,1,1735872556,86400,14201,6.406796e-05,60,1000,1500,1.000000,0.000000,1.000000,0.000000
0xb2cc224c1c9fee385f8ad6a55b4d94e92359dc59,1,1735872556,86400,14201,6.406796e-05,120,200,1500,1.000000,0.000000,1.000000,0.000000
0xb2cc224c1c9fee385f8ad6a55b4d94e92359dc59,1,1735872556,86400,14201,6.406796e-05,120,500,1500,1.000000,0.000000,1.000000,0.000000
0xb2cc224c1c9fee385f8ad6a55b4d94e92359dc59,1,1735872556,86400,14201,6.406796e-05,120,1000,1500,1.000000,0.000000,1.000000,0.000000
0xb2cc224c1c9fee385f8ad6a55b4d94e92359dc59,1,1735872556,86400,14201,6.406796e-05,300,200,1500,1.000000,0.000000,1.000000,0.000000
0xb2cc224c1c9fee385f8ad6a55b4d94e92359dc59,1,1735872556,86400,14201,6.406796e-05,300,500,1500,1.000000,0.000000,1.000000,0.000000
0xb2cc224c1c9fee385f8ad6a55b4d94e92359dc59,1,1735872556,86400,14201,6.406796e-05,300,1000,1500,1.000000,0.000000,1.000000,0.000000
0xb2cc224c1c9fee385f8ad6a55b4d94e92359dc59,1,1735872556,86400,14201,6.406796e-05,600,200,1500,1.000000,0.000000,1.000000,0.000000
0xb2cc224c1c9fee385f8ad6a55b4d94e92359dc59,1,1735872556,86400,14201,6.406796e-05,600,500,1500,1.000000,0.000000,1.000000,0.000000
0xb2cc224c1c9fee385f8ad6a55b4d94e92359dc59,1,1735872556,86400,14201,6.406796e-05,600,1000,1500,1.000000,0.000000,1.000000,0.000000
0xb2cc224c1c9fee385f8ad6a55b4d94e92359dc59,1,1735872556,86400,14201,6.406796e-05,1800,200,1500,1.000000,0.000000,0.999974,0.000026
0xb2cc224c1c9fee385f8ad6a55b4d94e92359dc59,1,1735872556,86400,14201,6.406796e-05,1800,500,1500,1.000000,0.000000,1.000000,0.000000
0xb2cc224c1c9fee385f8ad6a55b4d94e92359dc59,1,1735872556,86400,14201,6.406796e-05,1800,1000,1500,1.000000,0.000000,1.000000,0.000000
0xb2cc224c1c9fee385f8ad6a55b4d94e92359dc59,1,1735872556,86400,14201,6.406796e-05,3600,200,1500,0.998324,0.014568,0.998297,0.000027
0xb2cc224c1c9fee385f8ad6a55b4d94e92359dc59,1,1735872556,86400,14201,6.406796e-05,3600,500,1500,1.000000,0.000000,1.000000,0.000000
0xb2cc224c1c9fee385f8ad6a55b4d94e92359dc59,1,1735872556,86400,14201,6.406796e-05,3600,1000,1500,1.000000,0.000000,1.000000,0.000000
0xb2cc224c1c9fee385f8ad6a55b4d94e92359dc59,1,1735872556,86400,14201,6.406796e-05,7200,200,1500,0.978581,0.085590,0.981672,-0.003090
0xb2cc224c1c9fee385f8ad6a55b4d94e92359dc59,1,1735872556,86400,14201,6.406796e-05,7200,500,1500,1.000000,0.000000,1.000000,0.000000
0xb2cc224c1c9fee385f8ad6a55b4d94e92359dc59,1,1735872556,86400,14201,6.406796e-05,7200,1000,1500,1.000000,0.000000,1.000000,0.000000
0xb2cc224c1c9fee385f8ad6a55b4d94e92359dc59,1,1735872556,86400,14201,6.406796e-05,21600,200,1500,0.850994,0.240670,0.868791,-0.017797
0xb2cc224c1c9fee385f8ad6a55b4d94e92359dc59,1,1735872556,86400,14201,6.406796e-05,21600,500,1500,0.989257,0.046581,0.998585,-0.009328
0xb2cc224c1c9fee385f8ad6a55b4d94e92359dc59,1,1735872556,86400,14201,6.406796e-05,21600,1000,1500,1.000000,0.000000,1.000000,0.000000
0xb2cc224c1c9fee385f8ad6a55b4d94e92359dc59,1,1735872556,86400,14201,6.406796e-05,43200,200,1500,0.695336,0.320913,0.743980,-0.048644
0xb2cc224c1c9fee385f8ad6a55b4d94e92359dc59,1,1735872556,86400,14201,6.406796e-05,43200,500,1500,0.886818,0.185934,0.983540,-0.096722
0xb2cc224c1c9fee385f8ad6a55b4d94e92359dc59,1,1735872556,86400,14201,6.406796e-05,43200,1000,1500,1.000000,0.000000,0.999981,0.000019
0xb2cc224c1c9fee385f8ad6a55b4d94e92359dc59,2,1736955756,86400,16493,9.879415e-05,2,200,1500,1.000000,0.000000,1.000000,0.000000
0xb2cc224c1c9fee385f8ad6a55b4d94e92359dc59,2,1736955756,86400,16493,9.879415e-05,2,500,1500,1.000000,0.000000,1.000000,0.000000
0xb2cc224c1c9fee385f8ad6a55b4d94e92359dc59,2,1736955756,86400,16493,9.879415e-05,2,1000,1500,1.000000,0.000000,1.000000,0.000000
0xb2cc224c1c9fee385f8ad6a55b4d94e92359dc59,2,1736955756,86400,16493,9.879415e-05,10,200,1500,1.000000,0.000000,1.000000,0.000000
0xb2cc224c1c9fee385f8ad6a55b4d94e92359dc59,2,1736955756,86400,16493,9.879415e-05,10,500,1500,1.000000,0.000000,1.000000,0.000000
0xb2cc224c1c9fee385f8ad6a55b4d94e92359dc59,2,1736955756,86400,16493,9.879415e-05,10,1000,1500,1.000000,0.000000,1.000000,0.000000
0xb2cc224c1c9fee385f8ad6a55b4d94e92359dc59,2,1736955756,86400,16493,9.879415e-05,30,200,1500,1.000000,0.000000,1.000000,0.000000
0xb2cc224c1c9fee385f8ad6a55b4d94e92359dc59,2,1736955756,86400,16493,9.879415e-05,30,500,1500,1.000000,0.000000,1.000000,0.000000
0xb2cc224c1c9fee385f8ad6a55b4d94e92359dc59,2,1736955756,86400,16493,9.879415e-05,30,1000,1500,1.000000,0.000000,1.000000,0.000000
0xb2cc224c1c9fee385f8ad6a55b4d94e92359dc59,2,1736955756,86400,16493,9.879415e-05,60,200,1500,1.000000,0.000000,1.000000,0.000000
0xb2cc224c1c9fee385f8ad6a55b4d94e92359dc59,2,1736955756,86400,16493,9.879415e-05,60,500,1500,1.000000,0.000000,1.000000,0.000000
0xb2cc224c1c9fee385f8ad6a55b4d94e92359dc59,2,1736955756,86400,16493,9.879415e-05,60,1000,1500,1.000000,0.000000,1.000000,0.000000
0xb2cc224c1c9fee385f8ad6a55b4d94e92359dc59,2,1736955756,86400,16493,9.879415e-05,120,200,1500,1.000000,0.000000,1.000000,0.000000
0xb2cc224c1c9fee385f8ad6a55b4d94e92359dc59,2,1736955756,86400,16493,9.879415e-05,120,500,1500,1.000000,0.000000,1.000000,0.000000
0xb2cc224c1c9fee385f8ad6a55b4d94e92359dc59,2,1736955756,86400,16493,9.879415e-05,120,1000,1500,1.000000,0.000000,1.000000,0.000000
0xb2cc224c1c9fee385f8ad6a55b4d94e92359dc59,2,1736955756,86400,16493,9.879415e-05,300,200,1500,1.000000,0.000000,1.000000,0.000000
0xb2cc224c1c9fee385f8ad6a55b4d94e92359dc59,2,1736955756,86400,16493,9.879415e-05,300,500,1500,1.000000,0.000000,1.000000,0.000000
0xb2cc224c1c9fee385f8ad6a55b4d94e92359dc59,2,1736955756,86400,16493,9.879415e-05,300,1000,1500,1.000000,0.000000,1.000000,0.000000
0xb2cc224c1c9fee385f8ad6a55b4d94e92359dc59,2,1736955756,86400,16493,9.879415e-05,600,200,1500,0.999609,0.007574,0.999997,-0.000388
0xb2cc224c1c9fee385f8ad6a55b4d94e92359dc59,2,1736955756,86400,16493,9.879415e-05,600,500,1500,1.000000,0.000000,1.000000,0.000000
0xb2cc224c1c9fee385f8ad6a55b4d94e92359dc59,2,1736955756,86400,16493,9.879415e-05,600,1000,1500,1.000000,0.000000,1.000000,0.000000
0xb2cc224c1c9fee385f8ad6a55b4d94e92359dc59,2,1736955756,86400,16493,9.879415e-05,1800,200,1500,0.995096,0.042187,0.996504,-0.001408
0xb2cc224c1c9fee385f8ad6a55b4d94e92359dc59,2,1736955756,86400,16493,9.879415e-05,1800,500,1500,1.000000,0.000000,1.000000,0.000000
0xb2cc224c1c9fee385f8ad6a55b4d94e92359dc59,2,1736955756,86400,16493,9.879415e-05,1800,1000,1500,1.000000,0.000000,1.000000,0.000000
0xb2cc224c1c9fee385f8ad6a55b4d94e92359dc59,2,1736955756,86400,16493,9.879415e-05,3600,200,1500,0.971760,0.099267,0.972076,-0.000316
0xb2cc224c1c9fee385f8ad6a55b4d94e92359dc59,2,1736955756,86400,16493,9.879415e-05,3600,500,1500,1.000000,0.000000,0.999998,0.000002
0xb2cc224c1c9fee385f8ad6a55b4d94e92359dc59,2,1736955756,86400,16493,9.879415e-05,3600,1000,1500,1.000000,0.000000,1.000000,0.000000
0xb2cc224c1c9fee385f8ad6a55b4d94e92359dc59,2,1736955756,86400,16493,9.879415e-05,7200,200,1500,0.926322,0.169694,0.902887,0.023435
0xb2cc224c1c9fee385f8ad6a55b4d94e92359dc59,2,1736955756,86400,16493,9.879415e-05,7200,500,1500,0.999576,0.004440,0.999565,0.000011
0xb2cc224c1c9fee385f8ad6a55b4d94e92359dc59,2,1736955756,86400,16493,9.879415e-05,7200,1000,1500,1.000000,0.000000,1.000000,0.000000
0xb2cc224c1c9fee385f8ad6a55b4d94e92359dc59,2,1736955756,86400,16493,9.879415e-05,21600,200,1500,0.777513,0.274872,0.709574,0.067939
0xb2cc224c1c9fee385f8ad6a55b4d94e92359dc59,2,1736955756,86400,16493,9.879415e-05,21600,500,1500,0.971002,0.097153,0.974594,-0.003592
0xb2cc224c1c9fee385f8ad6a55b4d94e92359dc59,2,1736955756,86400,16493,9.879415e-05,21600,1000,1500,1.000000,0.000000,0.999929,0.000071
0xb2cc224c1c9fee385f8ad6a55b4d94e92359dc59,2,1736955756,86400,16493,9.879415e-05,43200,200,1500,0.570241,0.248812,0.570310,-0.000069
0xb2cc224c1c9fee385f8ad6a55b4d94e92359dc59,2,1736955756,86400,16493,9.879415e-05,43200,500,1500,0.927560,0.165598,0.908350,0.019211
0xb2cc224c1c9fee385f8ad6a55b4d94e92359dc59,2,1736955756,86400,16493,9.879415e-05,43200,1000,1500,1.000000,0.000000,0.997023,0.002977
0xb2cc224c1c9fee385f8ad6a55b4d94e92359dc59,3,1738038955,86400,16756,9.542396e-05,2,200,1500,1.000000,0.000000,1.000000,0.000000
0xb2cc224c1c9fee385f8ad6a55b4d94e92359dc59,3,1738038955,86400,16756,9.542396e-05,2,500,1500,1.000000,0.000000,1.000000,0.000000
0xb2cc224c1c9fee385f8ad6a55b4d94e92359dc59,3,1738038955,86400,16756,9.542396e-05,2,1000,1500,1.000000,0.000000,1.000000,0.000000
0xb2cc224c1c9fee385f8ad6a55b4d94e92359dc59,3,1738038955,86400,16756,9.542396e-05,10,200,1500,1.000000,0.000000,1.000000,0.000000
0xb2cc224c1c9fee385f8ad6a55b4d94e92359dc59,3,1738038955,86400,16756,9.542396e-05,10,500,1500,1.000000,0.000000,1.000000,0.000000
0xb2cc224c1c9fee385f8ad6a55b4d94e92359dc59,3,1738038955,86400,16756,9.542396e-05,10,1000,1500,1.000000,0.000000,1.000000,0.000000
0xb2cc224c1c9fee385f8ad6a55b4d94e92359dc59,3,1738038955,86400,16756,9.542396e-05,30,200,1500,1.000000,0.000000,1.000000,0.000000
0xb2cc224c1c9fee385f8ad6a55b4d94e92359dc59,3,1738038955,86400,16756,9.542396e-05,30,500,1500,1.000000,0.000000,1.000000,0.000000
0xb2cc224c1c9fee385f8ad6a55b4d94e92359dc59,3,1738038955,86400,16756,9.542396e-05,30,1000,1500,1.000000,0.000000,1.000000,0.000000
0xb2cc224c1c9fee385f8ad6a55b4d94e92359dc59,3,1738038955,86400,16756,9.542396e-05,60,200,1500,1.000000,0.000000,1.000000,0.000000
0xb2cc224c1c9fee385f8ad6a55b4d94e92359dc59,3,1738038955,86400,16756,9.542396e-05,60,500,1500,1.000000,0.000000,1.000000,0.000000
0xb2cc224c1c9fee385f8ad6a55b4d94e92359dc59,3,1738038955,86400,16756,9.542396e-05,60,1000,1500,1.000000,0.000000,1.000000,0.000000
0xb2cc224c1c9fee385f8ad6a55b4d94e92359dc59,3,1738038955,86400,16756,9.542396e-05,120,200,1500,1.000000,0.000000,1.000000,0.000000
0xb2cc224c1c9fee385f8ad6a55b4d94e92359dc59,3,1738038955,86400,16756,9.542396e-05,120,500,1500,1.000000,0.000000,1.000000,0.000000
0xb2cc224c1c9fee385f8ad6a55b4d94e92359dc59,3,1738038955,86400,16756,9.542396e-05,120,1000,1500,1.000000,0.000000,1.000000,0.000000
0xb2cc224c1c9fee385f8ad6a55b4d94e92359dc59,3,1738038955,86400,16756,9.542396e-05,300,200,1500,1.000000,0.000000,1.000000,0.000000
0xb2cc224c1c9fee385f8ad6a55b4d94e92359dc59,3,1738038955,86400,16756,9.542396e-05,300,500,1500,1.000000,0.000000,1.000000,0.000000
0xb2cc224c1c9fee385f8ad6a55b4d94e92359dc59,3,1738038955,86400,16756,9.542396e-05,300,1000,1500,1.000000,0.000000,1.000000,0.000000
0xb2cc224c1c9fee385f8ad6a55b4d94e92359dc59,3,1738038955,86400,16756,9.542396e-05,600,200,1500,0.999956,0.001721,0.999998,-0.000043
0xb2cc224c1c9fee385f8ad6a55b4d94e92359dc59,3,1738038955,86400,16756,9.542396e-05,600,500,1500,1.000000,0.000000,1.000000,0.000000
0xb2cc224c1c9fee385f8ad6a55b4d94e92359dc59,3,1738038955,86400,16756,9.542396e-05,600,1000,1500,1.000000,0.000000,1.000000,0.000000
0xb2cc224c1c9fee385f8ad6a55b4d94e92359dc59,3,1738038955,86400,16756,9.542396e-05,1800,200,1500,0.998100,0.019358,0.997349,0.000751
0xb2cc224c1c9fee385f8ad6a55b4d94e92359dc59,3,1738038955,86400,16756,9.542396e-05,1800,500,1500,1.000000,0.000000,1.000000,0.000000
0xb2cc224c1c9fee385f8ad6a55b4d94e92359dc59,3,1738038955,86400,16756,9.542396e-05,1800,1000,1500,1.000000,0.000000,1.000000,0.000000
0xb2cc224c1c9fee385f8ad6a55b4d94e92359dc59,3,1738038955,86400,16756,9.542396e-05,3600,200,1500,0.992060,0.040433,0.976263,0.015797
0xb2cc224c1c9fee385f8ad6a55b4d94e92359dc59,3,1738038955,86400,16756,9.542396e-05,3600,500,1500,1.000000,0.000000,0.999999,0.000001
0xb2cc224c1c9fee385f8ad6a55b4d94e92359dc59,3,1738038955,86400,16756,9.542396e-05,3600,1000,1500,1.000000,0.000000,1.000000,0.000000
0xb2cc224c1c9fee385f8ad6a55b4d94e92359dc59,3,1738038955,86400,16756,9.542396e-05,7200,200,1500,0.960101,0.103558,0.912077,0.048024
0xb2cc224c1c9fee385f8ad6a55b4d94e92359dc59,3,1738038955,86400,16756,9.542396e-05,7200,500,1500,1.000000,0.000000,0.999708,0.000292
0xb2cc224c1c9fee385f8ad6a55b4d94e92359dc59,3,1738038955,86400,16756,9.542396e-05,7200,1000,1500,1.000000,0.000000,1.000000,0.000000
0xb2cc224c1c9fee385f8ad6a55b4d94e92359dc59,3,1738038955,86400,16756,9.542396e-05,21600,200,1500,0.844900,0.236641,0.723456,0.121444
0xb2cc224c1c9fee385f8ad6a55b4d94e92359dc59,3,1738038955,86400,16756,9.542396e-05,21600,500,1500,0.989610,0.037456,0.978511,0.011099
0xb2cc224c1c9fee385f8ad6a55b4d94e92359dc59,3,1738038955,86400,16756,9.542396e-05,21600,1000,1500,1.000000,0.000000,0.999958,0.000042
0xb2cc224c1c9fee385f8ad6a55b4d94e92359dc59,3,1738038955,86400,16756,9.542396e-05,43200,200,1500,0.737860,0.274785,0.584012,0.153848
0xb2cc224c1c9fee385f8ad6a55b4d94e92359dc59,3,1738038955,86400,16756,9.542396e-05,43200,500,1500,0.944130,0.106923,0.917255,0.026875
0xb2cc224c1c9fee385f8ad6a55b4d94e92359dc59,3,1738038955,86400,16756,9.542396e-05,43200,1000,1500,1.000000,0.000000,0.997763,0.002237
0xb2cc224c1c9fee385f8ad6a55b4d94e92359dc59,4,1739122155,86400,15360,1.194829e-04,2,200,1500,1.000000,0.000000,1.000000,0.000000
0xb2cc224c1c9fee385f8ad6a55b4d94e92359dc59,4,1739122155,86400,15360,1.194829e-04,2,500,1500,1.000000,0.000000,1.000000,0.000000
0xb2cc224c1c9fee385f8ad6a55b4d94e92359dc59,4,1739122155,86400,15360,1.194829e-04,2,1000,1500,1.000000,0.000000,1.000000,0.000000
0xb2cc224c1c9fee385f8ad6a55b4d94e92359dc59,4,1739122155,86400,15360,1.194829e-04,10,200,1500,1.000000,0.000000,1.000000,0.000000
0xb2cc224c1c9fee385f8ad6a55b4d94e92359dc59,4,1739122155,86400,15360,1.194829e-04,10,500,1500,1.000000,0.000000,1.000000,0.000000
0xb2cc224c1c9fee385f8ad6a55b4d94e92359dc59,4,1739122155,86400,15360,1.194829e-04,10,1000,1500,1.000000,0.000000,1.000000,0.000000
0xb2cc224c1c9fee385f8ad6a55b4d94e92359dc59,4,1739122155,86400,15360,1.194829e-04,30,200,1500,1.000000,0.000000,1.000000,0.000000
0xb2cc224c1c9fee385f8ad6a55b4d94e92359dc59,4,1739122155,86400,15360,1.194829e-04,30,500,1500,1.000000,0.000000,1.000000,0.000000
0xb2cc224c1c9fee385f8ad6a55b4d94e92359dc59,4,1739122155,86400,15360,1.194829e-04,30,1000,1500,1.000000,0.000000,1.000000,0.000000
0xb2cc224c1c9fee385f8ad6a55b4d94e92359dc59,4,1739122155,86400,15360,1.194829e-04,60,200,1500,1.000000,0.000000,1.000000,0.000000
0xb2cc224c1c9fee385f8ad6a55b4d94e92359dc59,4,1739122155,86400,15360,1.194829e-04,60,500,1500,1.000000,0.000000,1.000000,0.000000
0xb2cc224c1c9fee385f8ad6a55b4d94e92359dc59,4,1739122155,86400,15360,1.194829e-04,60,1000,1500,1.000000,0.000000,1.000000,0.000000
0xb2cc224c1c9fee385f8ad6a55b4d94e92359dc59,4,1739122155,86400,15360,1.194829e-04,120,200,1500,1.000000,0.000000,1.000000,0.000000
0xb2cc224c1c9fee385f8ad6a55b4d94e92359dc59,4,1739122155,86400,15360,1.194829e-04,120,500,1500,1.000000,0.000000,1.000000,0.000000
0xb2cc224c1c9fee385f8ad6a55b4d94e92359dc59,4,1739122155,86400,15360,1.194829e-04,120,1000,1500,1.000000,0.000000,1.000000,0.000000
0xb2cc224c1c9fee385f8ad6a55b4d94e92359dc59,4,1739122155,86400,15360,1.194829e-04,300,200,1500,0.999809,0.004244,1.000000,-0.000191
0xb2cc224c1c9fee385f8ad6a55b4d94e92359dc59,4,1739122155,86400,15360,1.194829e-04,300,500,1500,1.000000,0.000000,1.000000,0.000000
0xb2cc224c1c9fee385f8ad6a55b4d94e92359dc59,4,1739122155,86400,15360,1.194829e-04,300,1000,1500,1.000000,0.000000,1.000000,0.000000
0xb2cc224c1c9fee385f8ad6a55b4d94e92359dc59,4,1739122155,86400,15360,1.194829e-04,600,200,1500,0.997427,0.030292,0.999921,-0.002494
0xb2cc224c1c9fee385f8ad6a55b4d94e92359dc59,4,1739122155,86400,15360,1.194829e-04,600,500,1500,1.000000,0.000000,1.000000,0.000000
0xb2cc224c1c9fee385f8ad6a55b4d94e92359dc59,4,1739122155,86400,15360,1.194829e-04,600,1000,1500,1.000000,0.000000,1.000000,0.000000
0xb2cc224c1c9fee385f8ad6a55b4d94e92359dc59,4,1739122155,86400,15360,1.194829e-04,1800,200,1500,0.980753,0.094615,0.987497,-0.006744
0xb2cc224c1c9fee385f8ad6a55b4d94e92359dc59,4,1739122155,86400,15360,1.194829e-04,1800,500,1500,0.999739,0.004642,1.000000,-0.000261
0xb2cc224c1c9fee385f8ad6a55b4d94e92359dc59,4,1739122155,86400,15360,1.194829e-04,1800,1000,1500,1.000000,0.000000,1.000000,0.000000
0xb2cc224c1c9fee385f8ad6a55b4d94e92359dc59,4,1739122155,86400,15360,1.194829e-04,3600,200,1500,0.949923,0.150957,0.940395,0.009528
0xb2cc224c1c9fee385f8ad6a55b4d94e92359dc59,4,1739122155,86400,15360,1.194829e-04,3600,500,1500,0.995768,0.032841,0.999941,-0.004173
0xb2cc224c1c9fee385f8ad6a55b4d94e92359dc59,4,1739122155,86400,15360,1.194829e-04,3600,1000,1500,1.000000,0.000000,1.000000,0.000000
0xb2cc224c1c9fee385f8ad6a55b4d94e92359dc59,4,1739122155,86400,15360,1.194829e-04,7200,200,1500,0.881749,0.231329,0.844693,0.037056
0xb2cc224c1c9fee385f8ad6a55b4d94e92359dc59,4,1739122155,86400,15360,1.194829e-04,7200,500,1500,0.975510,0.086573,0.997312,-0.021802
0xb2cc224c1c9fee385f8ad6a55b4d94e92359dc59,4,1739122155,86400,15360,1.194829e-04,7200,1000,1500,1.000000,0.000000,1.000000,0.000000
0xb2cc224c1c9fee385f8ad6a55b4d94e92359dc59,4,1739122155,86400,15360,1.194829e-04,21600,200,1500,0.774806,0.293338,0.632762,0.142044
0xb2cc224c1c9fee385f8ad6a55b4d94e92359dc59,4,1739122155,86400,15360,1.194829e-04,21600,500,1500,0.944388,0.127401,0.944529,-0.000141
0xb2cc224c1c9fee385f8ad6a55b4d94e92359dc59,4,1739122155,86400,15360,1.194829e-04,21600,1000,1500,1.000000,0.000000,0.999285,0.000715
0xb2cc224c1c9fee385f8ad6a55b4d94e92359dc59,4,1739122155,86400,15360,1.194829e-04,43200,200,1500,0.744359,0.282264,0.497635,0.246724
0xb2cc224c1c9fee385f8ad6a55b4d94e92359dc59,4,1739122155,86400,15360,1.194829e-04,43200,500,1500,0.945942,0.099480,0.851517,0.094426
0xb2cc224c1c9fee385f8ad6a55b4d94e92359dc59,4,1739122155,86400,15360,1.194829e-04,43200,1000,1500,1.000000,0.000000,0.988905,0.011095
0xb2cc224c1c9fee385f8ad6a55b4d94e92359dc59,5,1740205354,86400,10505,8.823821e-05,2,200,1500,1.000000,0.000000,1.000000,0.000000
0xb2cc224c1c9fee385f8ad6a55b4d94e92359dc59,5,1740205354,86400,10505,8.823821e-05,2,500,1500,1.000000,0.000000,1.000000,0.000000
0xb2cc224c1c9fee385f8ad6a55b4d94e92359dc59,5,1740205354,86400,10505,8.823821e-05,2,1000,1500,1.000000,0.000000,1.000000,0.000000
0xb2cc224c1c9fee385f8ad6a55b4d94e92359dc59,5,1740205354,86400,10505,8.823821e-05,10,200,1500,1.000000,0.000000,1.000000,0.000000
0xb2cc224c1c9fee385f8ad6a55b4d94e92359dc59,5,1740205354,86400,10505,8.823821e-05,10,500,1500,1.000000,0.000000,1.000000,0.000000
0xb2cc224c1c9fee385f8ad6a55b4d94e92359dc59,5,1740205354,86400,10505,8.823821e-05,10,1000,1500,1.000000,0.000000,1.000000,0.000000
0xb2cc224c1c9fee385f8ad6a55b4d94e92359dc59,5,1740205354,86400,10505,8.823821e-05,30,200,1500,1.000000,0.000000,1.000000,0.000000
0xb2cc224c1c9fee385f8ad6a55b4d94e92359dc59,5,1740205354,86400,10505,8.823821e-05,30,500,1500,1.000000,0.000000,1.000000,0.000000
0xb2cc224c1c9fee385f8ad6a55b4d94e92359dc59,5,1740205354,86400,10505,8.823821e-05,30,1000,1500,1.000000,0.000000,1.000000,0.000000
0xb2cc224c1c9fee385f8ad6a55b4d94e92359dc59,5,1740205354,86400,10505,8.823821e-05,60,200,1500,1.000000,0.000000,1.000000,0.000000
0xb2cc224c1c9fee385f8ad6a55b4d94e92359dc59,5,1740205354,86400,10505,8.823821e-05,60,500,1500,1.000000,0.000000,1.000000,0.000000
0xb2cc224c1c9fee385f8ad6a55b4d94e92359dc59,5,1740205354,86400,10505,8.823821e-05,60,1000,1500,1.000000,0.000000,1.000000,0.000000
0xb2cc224c1c9fee385f8ad6a55b4d94e92359dc59,5,1740205354,86400,10505,8.823821e-05,120,200,1500,1.000000,0.000000,1.000000,0.000000
0xb2cc224c1c9fee385f8ad6a55b4d94e92359dc59,5,1740205354,86400,10505,8.823821e-05,120,500,1500,1.000000,0.000000,1.000000,0.000000
0xb2cc224c1c9fee385f8ad6a55b4d94e92359dc59,5,1740205354,86400,10505,8.823821e-05,120,1000,1500,1.000000,0.000000,1.000000,0.000000
0xb2cc224c1c9fee385f8ad6a55b4d94e92359dc59,5,1740205354,86400,10505,8.823821e-05,300,200,1500,1.000000,0.000000,1.000000,0.000000
0xb2cc224c1c9fee385f8ad6a55b4d94e92359dc59,5,1740205354,86400,10505,8.823821e-05,300,500,1500,1.000000,0.000000,1.000000,0.000000
0xb2cc224c1c9fee385f8ad6a55b4d94e92359dc59,5,1740205354,86400,10505,8.823821e-05,300,1000,1500,1.000000,0.000000,1.000000,0.000000
0xb2cc224c1c9fee385f8ad6a55b4d94e92359dc59,5,1740205354,86400,10505,8.823821e-05,600,200,1500,0.999844,0.005514,1.000000,-0.000155
0xb2cc224c1c9fee385f8ad6a55b4d94e92359dc59,5,1740205354,86400,10505,8.823821e-05,600,500,1500,1.000000,0.000000,1.000000,0.000000
0xb2cc224c1c9fee385f8ad6a55b4d94e92359dc59,5,1740205354,86400,10505,8.823821e-05,600,1000,1500,1.000000,0.000000,1.000000,0.000000
0xb2cc224c1c9fee385f8ad6a55b4d94e92359dc59,5,1740205354,86400,10505,8.823821e-05,1800,200,1500,0.995754,0.030273,0.998662,-0.002908
0xb2cc224c1c9fee385f8ad6a55b4d94e92359dc59,5,1740205354,86400,10505,8.823821e-05,1800,500,1500,1.000000,0.000000,1.000000,0.000000
0xb2cc224c1c9fee385f8ad6a55b4d94e92359dc59,5,1740205354,86400,10505,8.823821e-05,1800,1000,1500,1.000000,0.000000,1.000000,0.000000
0xb2cc224c1c9fee385f8ad6a55b4d94e92359dc59,5,1740205354,86400,10505,8.823821e-05,3600,200,1500,0.986155,0.071923,0.984068,0.002087
0xb2cc224c1c9fee385f8ad6a55b4d94e92359dc59,5,1740205354,86400,10505,8.823821e-05,3600,500,1500,1.000000,0.000000,1.000000,0.000000
0xb2cc224c1c9fee385f8ad6a55b4d94e92359dc59,5,1740205354,86400,10505,8.823821e-05,3600,1000,1500,1.000000,0.000000,1.000000,0.000000
0xb2cc224c1c9fee385f8ad6a55b4d94e92359dc59,5,1740205354,86400,10505,8.823821e-05,7200,200,1500,0.972428,0.100982,0.931004,0.041424
0xb2cc224c1c9fee385f8ad6a55b4d94e92359dc59,5,1740205354,86400,10505,8.823821e-05,7200,500,1500,1.000000,0.000000,0.999892,0.000108
0xb2cc224c1c9fee385f8ad6a55b4d94e92359dc59,5,1740205354,86400,10505,8.823821e-05,7200,1000,1500,1.000000,0.000000,1.000000,0.000000
0xb2cc224c1c9fee385f8ad6a55b4d94e92359dc59,5,1740205354,86400,10505,8.823821e-05,21600,200,1500,0.869175,0.236810,0.754352,0.114824
0xb2cc224c1c9fee385f8ad6a55b4d94e92359dc59,5,1740205354,86400,10505,8.823821e-05,21600,500,1500,0.999866,0.000892,0.985754,0.014112
0xb2cc224c1c9fee385f8ad6a55b4d94e92359dc59,5,1740205354,86400,10505,8.823821e-05,21600,1000,1500,1.000000,0.000000,0.999988,0.000012
0xb2cc224c1c9fee385f8ad6a55b4d94e92359dc59,5,1740205354,86400,10505,8.823821e-05,43200,200,1500,0.745438,0.286425,0.615266,0.130172
0xb2cc224c1c9fee385f8ad6a55b4d94e92359dc59,5,1740205354,86400,10505,8.823821e-05,43200,500,1500,0.999794,0.001227,0.935516,0.064278
0xb2cc224c1c9fee385f8ad6a55b4d94e92359dc59,5,1740205354,86400,10505,8.823821e-05,43200,1000,1500,1.000000,0.000000,0.998897,0.001103
0xb2cc224c1c9fee385f8ad6a55b4d94e92359dc59,6,1741288554,86400,16973,2.016208e-04,2,200,1500,1.000000,0.000000,1.000000,0.000000
0xb2cc224c1c9fee385f8ad6a55b4d94e92359dc59,6,1741288554,86400,16973,2.016208e-04,2,500,1500,1.000000,0.000000,1.000000,0.000000
0xb2cc224c1c9fee385f8ad6a55b4d94e92359dc59,6,1741288554,86400,16973,2.016208e-04,2,1000,1500,1.000000,0.000000,1.000000,0.000000
0xb2cc224c1c9fee385f8ad6a55b4d94e92359dc59,6,1741288554,86400,16973,2.016208e-04,10,200,1500,1.000000,0.000000,1.000000,0.000000
0xb2cc224c1c9fee385f8ad6a55b4d94e92359dc59,6,1741288554,86400,16973,2.016208e-04,10,500,1500,1.000000,0.000000,1.000000,0.000000
0xb2cc224c1c9fee385f8ad6a55b4d94e92359dc59,6,1741288554,86400,16973,2.016208e-04,10,1000,1500,1.000000,0.000000,1.000000,0.000000
0xb2cc224c1c9fee385f8ad6a55b4d94e92359dc59,6,1741288554,86400,16973,2.016208e-04,30,200,1500,1.000000,0.000000,1.000000,0.000000
0xb2cc224c1c9fee385f8ad6a55b4d94e92359dc59,6,1741288554,86400,16973,2.016208e-04,30,500,1500,1.000000,0.000000,1.000000,0.000000
0xb2cc224c1c9fee385f8ad6a55b4d94e92359dc59,6,1741288554,86400,16973,2.016208e-04,30,1000,1500,1.000000,0.000000,1.000000,0.000000
0xb2cc224c1c9fee385f8ad6a55b4d94e92359dc59,6,1741288554,86400,16973,2.016208e-04,60,200,1500,0.999844,0.006023,1.000000,-0.000156
0xb2cc224c1c9fee385f8ad6a55b4d94e92359dc59,6,1741288554,86400,16973,2.016208e-04,60,500,1500,1.000000,0.000000,1.000000,0.000000
0xb2cc224c1c9fee385f8ad6a55b4d94e92359dc59,6,1741288554,86400,16973,2.016208e-04,60,1000,1500,1.000000,0.000000,1.000000,0.000000
0xb2cc224c1c9fee385f8ad6a55b4d94e92359dc59,6,1741288554,86400,16973,2.016208e-04,120,200,1500,0.999644,0.011166,1.000000,-0.000355
0xb2cc224c1c9fee385f8ad6a55b4d94e92359dc59,6,1741288554,86400,16973,2.016208e-04,120,500,1500,1.000000,0.000000,1.000000,0.000000
0xb2cc224c1c9fee385f8ad6a55b4d94e92359dc59,6,1741288554,86400,16973,2.016208e-04,120,1000,1500,1.000000,0.000000,1.000000,0.000000
0xb2cc224c1c9fee385f8ad6a55b4d94e92359dc59,6,1741288554,86400,16973,2.016208e-04,300,200,1500,0.997689,0.030877,0.999326,-0.001637
0xb2cc224c1c9fee385f8ad6a55b4d94e92359dc59,6,1741288554,86400,16973,2.016208e-04,300,500,1500,0.999996,0.000172,1.000000,-0.000004
0xb2cc224c1c9fee385f8ad6a55b4d94e92359dc59,6,1741288554,86400,16973,2.016208e-04,300,1000,1500,1.000000,0.000000,1.000000,0.000000
0xb2cc224c1c9fee385f8ad6a55b4d94e92359dc59,6,1741288554,86400,16973,2.016208e-04,600,200,1500,0.992022,0.062840,0.989275,0.002747
0xb2cc224c1c9fee385f8ad6a55b4d94e92359dc59,6,1741288554,86400,16973,2.016208e-04,600,500,1500,0.999907,0.003140,1.000000,-0.000093
0xb2cc224c1c9fee385f8ad6a55b4d94e92359dc59,6,1741288554,86400,16973,2.016208e-04,600,1000,1500,1.000000,0.000000,1.000000,0.000000
0xb2cc224c1c9fee385f8ad6a55b4d94e92359dc59,6,1741288554,86400,16973,2.016208e-04,1800,200,1500,0.970412,0.112200,0.897320,0.073092
0xb2cc224c1c9fee385f8ad6a55b4d94e92359dc59,6,1741288554,86400,16973,2.016208e-04,1800,500,1500,0.995270,0.041302,0.999457,-0.004187
0xb2cc224c1c9fee385f8ad6a55b4d94e92359dc59,6,1741288554,86400,16973,2.016208e-04,1800,1000,1500,1.000000,0.000000,1.000000,0.000000
0xb2cc224c1c9fee385f8ad6a55b4d94e92359dc59,6,1741288554,86400,16973,2.016208e-04,3600,200,1500,0.924533,0.177566,0.781112,0.143421
0xb2cc224c1c9fee385f8ad6a55b4d94e92359dc59,6,1741288554,86400,16973,2.016208e-04,3600,500,1500,0.987334,0.071201,0.990530,-0.003196
0xb2cc224c1c9fee385f8ad6a55b4d94e92359dc59,6,1741288554,86400,16973,2.016208e-04,3600,1000,1500,0.999970,0.001176,0.999997,-0.000027
0xb2cc224c1c9fee385f8ad6a55b4d94e92359dc59,6,1741288554,86400,16973,2.016208e-04,7200,200,1500,0.856204,0.241684,0.643304,0.212901
0xb2cc224c1c9fee385f8ad6a55b4d94e92359dc59,6,1741288554,86400,16973,2.016208e-04,7200,500,1500,0.964587,0.132490,0.949554,0.015032
0xb2cc224c1c9fee385f8ad6a55b4d94e92359dc59,6,1741288554,86400,16973,2.016208e-04,7200,1000,1500,0.999993,0.000182,0.999457,0.000536
0xb2cc224c1c9fee385f8ad6a55b4d94e92359dc59,6,1741288554,86400,16973,2.016208e-04,21600,200,1500,0.724600,0.289372,0.434787,0.289813
0xb2cc224c1c9fee385f8ad6a55b4d94e92359dc59,6,1741288554,86400,16973,2.016208e-04,21600,500,1500,0.930444,0.136344,0.788812,0.141631
0xb2cc224c1c9fee385f8ad6a55b4d94e92359dc59,6,1741288554,86400,16973,2.016208e-04,21600,1000,1500,0.999418,0.004194,0.972102,0.027316
0xb2cc224c1c9fee385f8ad6a55b4d94e92359dc59,6,1741288554,86400,16973,2.016208e-04,43200,200,1500,0.612229,0.276986,0.327443,0.284786
0xb2cc224c1c9fee385f8ad6a55b4d94e92359dc59,6,1741288554,86400,16973,2.016208e-04,43200,500,1500,0.926948,0.124785,0.651562,0.275386
0xb2cc224c1c9fee385f8ad6a55b4d94e92359dc59,6,1741288554,86400,16973,2.016208e-04,43200,1000,1500,0.999664,0.002342,0.902944,0.096721
0xb2cc224c1c9fee385f8ad6a55b4d94e92359dc59,7,1742371753,86400,13040,1.546862e-04,2,200,1500,1.000000,0.000000,1.000000,0.000000
0xb2cc224c1c9fee385f8ad6a55b4d94e92359dc59,7,1742371753,86400,13040,1.546862e-04,2,500,1500,1.000000,0.000000,1.000000,0.000000
0xb2cc224c1c9fee385f8ad6a55b4d94e92359dc59,7,1742371753,86400,13040,1.546862e-04,2,1000,1500,1.000000,0.000000,1.000000,0.000000
0xb2cc224c1c9fee385f8ad6a55b4d94e92359dc59,7,1742371753,86400,13040,1.546862e-04,10,200,1500,1.000000,0.000000,1.000000,0.000000
0xb2cc224c1c9fee385f8ad6a55b4d94e92359dc59,7,1742371753,86400,13040,1.546862e-04,10,500,1500,1.000000,0.000000,1.000000,0.000000
0xb2cc224c1c9fee385f8ad6a55b4d94e92359dc59,7,1742371753,86400,13040,1.546862e-04,10,1000,1500,1.000000,0.000000,1.000000,0.000000
0xb2cc224c1c9fee385f8ad6a55b4d94e92359dc59,7,1742371753,86400,13040,1.546862e-04,30,200,1500,1.000000,0.000000,1.000000,0.000000
0xb2cc224c1c9fee385f8ad6a55b4d94e92359dc59,7,1742371753,86400,13040,1.546862e-04,30,500,1500,1.000000,0.000000,1.000000,0.000000
0xb2cc224c1c9fee385f8ad6a55b4d94e92359dc59,7,1742371753,86400,13040,1.546862e-04,30,1000,1500,1.000000,0.000000,1.000000,0.000000
0xb2cc224c1c9fee385f8ad6a55b4d94e92359dc59,7,1742371753,86400,13040,1.546862e-04,60,200,1500,0.999689,0.012045,1.000000,-0.000311
0xb2cc224c1c9fee385f8ad6a55b4d94e92359dc59,7,1742371753,86400,13040,1.546862e-04,60,500,1500,1.000000,0.000000,1.000000,0.000000
0xb2cc224c1c9fee385f8ad6a55b4d94e92359dc59,7,1742371753,86400,13040,1.546862e-04,60,1000,1500,1.000000,0.000000,1.000000,0.000000
0xb2cc224c1c9fee385f8ad6a55b4d94e92359dc59,7,1742371753,86400,13040,1.546862e-04,120,200,1500,0.999500,0.013849,1.000000,-0.000500
0xb2cc224c1c9fee385f8ad6a55b4d94e92359dc59,7,1742371753,86400,13040,1.546862e-04,120,500,1500,1.000000,0.000000,1.000000,0.000000
0xb2cc224c1c9fee385f8ad6a55b4d94e92359dc59,7,1742371753,86400,13040,1.546862e-04,120,1000,1500,1.000000,0.000000,1.000000,0.000000
0xb2cc224c1c9fee385f8ad6a55b4d94e92359dc59,7,1742371753,86400,13040,1.546862e-04,300,200,1500,0.998333,0.025335,0.999979,-0.001646
0xb2cc224c1c9fee385f8ad6a55b4d94e92359dc59,7,1742371753,86400,13040,1.546862e-04,300,500,1500,1.000000,0.000000,1.000000,0.000000
0xb2cc224c1c9fee385f8ad6a55b4d94e92359dc59,7,1742371753,86400,13040,1.546862e-04,300,1000,1500,1.000000,0.000000,1.000000,0.000000
0xb2cc224c1c9fee385f8ad6a55b4d94e92359dc59,7,1742371753,86400,13040,1.546862e-04,600,200,1500,0.996769,0.039498,0.998505,-0.001736
0xb2cc224c1c9fee385f8ad6a55b4d94e92359dc59,7,1742371753,86400,13040,1.546862e-04,600,500,1500,1.000000,0.000000,1.000000,0.000000
0xb2cc224c1c9fee385f8ad6a55b4d94e92359dc59,7,1742371753,86400,13040,1.546862e-04,600,1000,1500,1.000000,0.000000,1.000000,0.000000
0xb2cc224c1c9fee385f8ad6a55b4d94e92359dc59,7,1742371753,86400,13040,1.546862e-04,1800,200,1500,0.989130,0.064327,0.957007,0.032123
0xb2cc224c1c9fee385f8ad6a55b4d94e92359dc59,7,1742371753,86400,13040,1.546862e-04,1800,500,1500,1.000000,0.000000,0.999985,0.000015
0xb2cc224c1c9fee385f8ad6a55b4d94e92359dc59,7,1742371753,86400,13040,1.546862e-04,1800,1000,1500,1.000000,0.000000,1.000000,0.000000
0xb2cc224c1c9fee385f8ad6a55b4d94e92359dc59,7,1742371753,86400,13040,1.546862e-04,3600,200,1500,0.967023,0.115712,0.873286,0.093737
0xb2cc224c1c9fee385f8ad6a55b4d94e92359dc59,7,1742371753,86400,13040,1.546862e-04,3600,500,1500,1.000000,0.000000,0.998763,0.001237
0xb2cc224c1c9fee385f8ad6a55b4d94e92359dc59,7,1742371753,86400,13040,1.546862e-04,3600,1000,1500,1.000000,0.000000,1.000000,0.000000
0xb2cc224c1c9fee385f8ad6a55b4d94e92359dc59,7,1742371753,86400,13040,1.546862e-04,7200,200,1500,0.921814,0.177881,0.749642,0.172172
0xb2cc224c1c9fee385f8ad6a55b4d94e92359dc59,7,1742371753,86400,13040,1.546862e-04,7200,500,1500,0.996111,0.025139,0.984775,0.011336
0xb2cc224c1c9fee385f8ad6a55b4d94e92359dc59,7,1742371753,86400,13040,1.546862e-04,7200,1000,1500,1.000000,0.000000,0.999985,0.000015
0xb2cc224c1c9fee385f8ad6a55b4d94e92359dc59,7,1742371753,86400,13040,1.546862e-04,21600,200,1500,0.775362,0.281238,0.530844,0.244518
0xb2cc224c1c9fee385f8ad6a55b4d94e92359dc59,7,1742371753,86400,13040,1.546862e-04,21600,500,1500,0.948975,0.148149,0.879525,0.069451
0xb2cc224c1c9fee385f8ad6a55b4d94e92359dc59,7,1742371753,86400,13040,1.546862e-04,21600,1000,1500,1.000000,0.000000,0.993681,0.006319
0xb2cc224c1c9fee385f8ad6a55b4d94e92359dc59,7,1742371753,86400,13040,1.546862e-04,43200,200,1500,0.642408,0.316381,0.407543,0.234864
0xb2cc224c1c9fee385f8ad6a55b4d94e92359dc59,7,1742371753,86400,13040,1.546862e-04,43200,500,1500,0.892826,0.245127,0.757607,0.135219
0xb2cc224c1c9fee385f8ad6a55b4d94e92359dc59,7,1742371753,86400,13040,1.546862e-04,43200,1000,1500,0.996550,0.014006,0.960372,0.036177
0xb2cc224c1c9fee385f8ad6a55b4d94e92359dc59,8,1743454953,86400,10541,1.211931e-04,2,200,1500,1.000000,0.000000,1.000000,0.000000
0xb2cc224c1c9fee385f8ad6a55b4d94e92359dc59,8,1743454953,86400,10541,1.211931e-04,2,500,1500,1.000000,0.000000,1.000000,0.000000
0xb2cc224c1c9fee385f8ad6a55b4d94e92359dc59,8,1743454953,86400,10541,1.211931e-04,2,1000,1500,1.000000,0.000000,1.000000,0.000000
0xb2cc224c1c9fee385f8ad6a55b4d94e92359dc59,8,1743454953,86400,10541,1.211931e-04,10,200,1500,1.000000,0.000000,1.000000,0.000000
0xb2cc224c1c9fee385f8ad6a55b4d94e92359dc59,8,1743454953,86400,10541,1.211931e-04,10,500,1500,1.000000,0.000000,1.000000,0.000000
0xb2cc224c1c9fee385f8ad6a55b4d94e92359dc59,8,1743454953,86400,10541,1.211931e-04,10,1000,1500,1.000000,0.000000,1.000000,0.000000
0xb2cc224c1c9fee385f8ad6a55b4d94e92359dc59,8,1743454953,86400,10541,1.211931e-04,30,200,1500,1.000000,0.000000,1.000000,0.000000
0xb2cc224c1c9fee385f8ad6a55b4d94e92359dc59,8,1743454953,86400,10541,1.211931e-04,30,500,1500,1.000000,0.000000,1.000000,0.000000
0xb2cc224c1c9fee385f8ad6a55b4d94e92359dc59,8,1743454953,86400,10541,1.211931e-04,30,1000,1500,1.000000,0.000000,1.000000,0.000000
0xb2cc224c1c9fee385f8ad6a55b4d94e92359dc59,8,1743454953,86400,10541,1.211931e-04,60,200,1500,1.000000,0.000000,1.000000,0.000000
0xb2cc224c1c9fee385f8ad6a55b4d94e92359dc59,8,1743454953,86400,10541,1.211931e-04,60,500,1500,1.000000,0.000000,1.000000,0.000000
0xb2cc224c1c9fee385f8ad6a55b4d94e92359dc59,8,1743454953,86400,10541,1.211931e-04,60,1000,1500,1.000000,0.000000,1.000000,0.000000
0xb2cc224c1c9fee385f8ad6a55b4d94e92359dc59,8,1743454953,86400,10541,1.211931e-04,120,200,1500,1.000000,0.000000,1.000000,0.000000
0xb2cc224c1c9fee385f8ad6a55b4d94e92359dc59,8,1743454953,86400,10541,1.211931e-04,120,500,1500,1.000000,0.000000,1.000000,0.000000
0xb2cc224c1c9fee385f8ad6a55b4d94e92359dc59,8,1743454953,86400,10541,1.211931e-04,120,1000,1500,1.000000,0.000000,1.000000,0.000000
0xb2cc224c1c9fee385f8ad6a55b4d94e92359dc59,8,1743454953,86400,10541,1.211931e-04,300,200,1500,0.999884,0.002686,1.000000,-0.000115
0xb2cc224c1c9fee385f8ad6a55b4d94e92359dc59,8,1743454953,86400,10541,1.211931e-04,300,500,1500,1.000000,0.000000,1.000000,0.000000
0xb2cc224c1c9fee385f8ad6a55b4d94e92359dc59,8,1743454953,86400,10541,1.211931e-04,300,1000,1500,1.000000,0.000000,1.000000,0.000000
0xb2cc224c1c9fee385f8ad6a55b4d94e92359dc59,8,1743454953,86400,10541,1.211931e-04,600,200,1500,0.998807,0.019874,0.999904,-0.001097
0xb2cc224c1c9fee385f8ad6a55b4d94e92359dc59,8,1743454953,86400,10541,1.211931e-04,600,500,1500,1.000000,0.000000,1.000000,0.000000
0xb2cc224c1c9fee385f8ad6a55b4d94e92359dc59,8,1743454953,86400,10541,1.211931e-04,600,1000,1500,1.000000,0.000000,1.000000,0.000000
0xb2cc224c1c9fee385f8ad6a55b4d94e92359dc59,8,1743454953,86400,10541,1.211931e-04,1800,200,1500,0.994001,0.049244,0.986441,0.007560
0xb2cc224c1c9fee385f8ad6a55b4d94e92359dc59,8,1743454953,86400,10541,1.211931e-04,1800,500,1500,1.000000,0.000000,1.000000,0.000000
0xb2cc224c1c9fee385f8ad6a55b4d94e92359dc59,8,1743454953,86400,10541,1.211931e-04,1800,1000,1500,1.000000,0.000000,1.000000,0.000000
0xb2cc224c1c9fee385f8ad6a55b4d94e92359dc59,8,1743454953,86400,10541,1.211931e-04,3600,200,1500,0.965016,0.124565,0.937411,0.027605
0xb2cc224c1c9fee385f8ad6a55b4d94e92359dc59,8,1743454953,86400,10541,1.211931e-04,3600,500,1500,0.999967,0.000964,0.999928,0.000039
0xb2cc224c1c9fee385f8ad6a55b4d94e92359dc59,8,1743454953,86400,10541,1.211931e-04,3600,1000,1500,1.000000,0.000000,1.000000,0.000000
0xb2cc224c1c9fee385f8ad6a55b4d94e92359dc59,8,1743454953,86400,10541,1.211931e-04,7200,200,1500,0.946095,0.165486,0.839869,0.106226
0xb2cc224c1c9fee385f8ad6a55b4d94e92359dc59,8,1743454953,86400,10541,1.211931e-04,7200,500,1500,0.994248,0.033052,0.996984,-0.002736
0xb2cc224c1c9fee385f8ad6a55b4d94e92359dc59,8,1743454953,86400,10541,1.211931e-04,7200,1000,1500,1.000000,0.000000,1.000000,0.000000
0xb2cc224c1c9fee385f8ad6a55b4d94e92359dc59,8,1743454953,86400,10541,1.211931e-04,21600,200,1500,0.826948,0.266079,0.627029,0.199919
0xb2cc224c1c9fee385f8ad6a55b4d94e92359dc59,8,1743454953,86400,10541,1.211931e-04,21600,500,1500,0.967983,0.119278,0.941669,0.026314
0xb2cc224c1c9fee385f8ad6a55b4d94e92359dc59,8,1743454953,86400,10541,1.211931e-04,21600,1000,1500,1.000000,0.000000,0.999173,0.000827
0xb2cc224c1c9fee385f8ad6a55b4d94e92359dc59,8,1743454953,86400,10541,1.211931e-04,43200,200,1500,0.614828,0.251029,0.492396,0.122432
0xb2cc224c1c9fee385f8ad6a55b4d94e92359dc59,8,1743454953,86400,10541,1.211931e-04,43200,500,1500,0.922465,0.156445,0.846778,0.075687
0xb2cc224c1c9fee385f8ad6a55b4d94e92359dc59,8,1743454953,86400,10541,1.211931e-04,43200,1000,1500,1.000000,0.000000,0.987938,0.012062
0xb2cc224c1c9fee385f8ad6a55b4d94e92359dc59,9,1744538153,86400,13773,1.568861e-04,2,200,1500,1.000000,0.000000,1.000000,0.000000
0xb2cc224c1c9fee385f8ad6a55b4d94e92359dc59,9,1744538153,86400,13773,1.568861e-04,2,500,1500,1.000000,0.000000,1.000000,0.000000
0xb2cc224c1c9fee385f8ad6a55b4d94e92359dc59,9,1744538153,86400,13773,1.568861e-04,2,1000,1500,1.000000,0.000000,1.000000,0.000000
0xb2cc224c1c9fee385f8ad6a55b4d94e92359dc59,9,1744538153,86400,13773,1.568861e-04,10,200,1500,1.000000,0.000000,1.000000,0.000000
0xb2cc224c1c9fee385f8ad6a55b4d94e92359dc59,9,1744538153,86400,13773,1.568861e-04,10,500,1500,1.000000,0.000000,1.000000,0.000000
0xb2cc224c1c9fee385f8ad6a55b4d94e92359dc59,9,1744538153,86400,13773,1.568861e-04,10,1000,1500,1.000000,0.000000,1.000000,0.000000
0xb2cc224c1c9fee385f8ad6a55b4d94e92359dc59,9,1744538153,86400,13773,1.568861e-04,30,200,1500,1.000000,0.000000,1.000000,0.000000
0xb2cc224c1c9fee385f8ad6a55b4d94e92359dc59,9,1744538153,86400,13773,1.568861e-04,30,500,1500,1.000000,0.000000,1.000000,0.000000
0xb2cc224c1c9fee385f8ad6a55b4d94e92359dc59,9,1744538153,86400,13773,1.568861e-04,30,1000,1500,1.000000,0.000000,1.000000,0.000000
0xb2cc224c1c9fee385f8ad6a55b4d94e92359dc59,9,1744538153,86400,13773,1.568861e-04,60,200,1500,1.000000,0.000000,1.000000,0.000000
0xb2cc224c1c9fee385f8ad6a55b4d94e92359dc59,9,1744538153,86400,13773,1.568861e-04,60,500,1500,1.000000,0.000000,1.000000,0.000000
0xb2cc224c1c9fee385f8ad6a55b4d94e92359dc59,9,1744538153,86400,13773,1.568861e-04,60,1000,1500,1.000000,0.000000,1.000000,0.000000
0xb2cc224c1c9fee385f8ad6a55b4d94e92359dc59,9,1744538153,86400,13773,1.568861e-04,120,200,1500,0.999611,0.010820,1.000000,-0.000389
0xb2cc224c1c9fee385f8ad6a55b4d94e92359dc59,9,1744538153,86400,13773,1.568861e-04,120,500,1500,1.000000,0.000000,1.000000,0.000000
0xb2cc224c1c9fee385f8ad6a55b4d94e92359dc59,9,1744538153,86400,13773,1.568861e-04,120,1000,1500,1.000000,0.000000,1.000000,0.000000
0xb2cc224c1c9fee385f8ad6a55b4d94e92359dc59,9,1744538153,86400,13773,1.568861e-04,300,200,1500,0.998173,0.026572,0.999974,-0.001801
0xb2cc224c1c9fee385f8ad6a55b4d94e92359dc59,9,1744538153,86400,13773,1.568861e-04,300,500,1500,1.000000,0.000000,1.000000,0.000000
0xb2cc224c1c9fee385f8ad6a55b4d94e92359dc59,9,1744538153,86400,13773,1.568861e-04,300,1000,1500,1.000000,0.000000,1.000000,0.000000
0xb2cc224c1c9fee385f8ad6a55b4d94e92359dc59,9,1744538153,86400,13773,1.568861e-04,600,200,1500,0.994984,0.051698,0.998302,-0.003317
0xb2cc224c1c9fee385f8ad6a55b4d94e92359dc59,9,1744538153,86400,13773,1.568861e-04,600,500,1500,0.999811,0.003861,1.000000,-0.000189
0xb2cc224c1c9fee385f8ad6a55b4d94e92359dc59,9,1744538153,86400,13773,1.568861e-04,600,1000,1500,1.000000,0.000000,1.000000,0.000000
0xb2cc224c1c9fee385f8ad6a55b4d94e92359dc59,9,1744538153,86400,13773,1.568861e-04,1800,200,1500,0.973519,0.102424,0.954575,0.018943
0xb2cc224c1c9fee385f8ad6a55b4d94e92359dc59,9,1744538153,86400,13773,1.568861e-04,1800,500,1500,0.998766,0.014654,0.999981,-0.001215
0xb2cc224c1c9fee385f8ad6a55b4d94e92359dc59,9,1744538153,86400,13773,1.568861e-04,1800,1000,1500,1.000000,0.000000,1.000000,0.000000
0xb2cc224c1c9fee385f8ad6a55b4d94e92359dc59,9,1744538153,86400,13773,1.568861e-04,3600,200,1500,0.935773,0.159823,0.868886,0.066887
0xb2cc224c1c9fee385f8ad6a55b4d94e92359dc59,9,1744538153,86400,13773,1.568861e-04,3600,500,1500,0.998412,0.013777,0.998589,-0.000177
0xb2cc224c1c9fee385f8ad6a55b4d94e92359dc59,9,1744538153,86400,13773,1.568861e-04,3600,1000,1500,1.000000,0.000000,1.000000,0.000000
0xb2cc224c1c9fee385f8ad6a55b4d94e92359dc59,9,1744538153,86400,13773,1.568861e-04,7200,200,1500,0.875844,0.205033,0.744099,0.131745
0xb2cc224c1c9fee385f8ad6a55b4d94e92359dc59,9,1744538153,86400,13773,1.568861e-04,7200,500,1500,0.991040,0.039045,0.983567,0.007473
0xb2cc224c1c9fee385f8ad6a55b4d94e92359dc59,9,1744538153,86400,13773,1.568861e-04,7200,1000,1500,1.000000,0.000000,0.999981,0.000019
0xb2cc224c1c9fee385f8ad6a55b4d94e92359dc59,9,1744538153,86400,13773,1.568861e-04,21600,200,1500,0.639839,0.263054,0.525465,0.114374
0xb2cc224c1c9fee385f8ad6a55b4d94e92359dc59,9,1744538153,86400,13773,1.568861e-04,21600,500,1500,0.949739,0.098775,0.875224,0.074514
0xb2cc224c1c9fee385f8ad6a55b4d94e92359dc59,9,1744538153,86400,13773,1.568861e-04,21600,1000,1500,1.000000,0.000007,0.993049,0.006950
0xb2cc224c1c9fee385f8ad6a55b4d94e92359dc59,9,1744538153,86400,13773,1.568861e-04,43200,200,1500,0.494197,0.219497,0.402949,0.091249
0xb2cc224c1c9fee385f8ad6a55b4d94e92359dc59,9,1744538153,86400,13773,1.568861e-04,43200,500,1500,0.869751,0.159010,0.752102,0.117649
0xb2cc224c1c9fee385f8ad6a55b4d94e92359dc59,9,1744538153,86400,13773,1.568861e-04,43200,1000,1500,0.999994,0.000120,0.958063,0.041931
0xb2cc224c1c9fee385f8ad6a55b4d94e92359dc59,10,1745621352,86400,11646,8.536238e-05,2,200,1500,1.000000,0.000000,1.000000,0.000000
0xb2cc224c1c9fee385f8ad6a55b4d94e92359dc59,10,1745621352,86400,11646,8.536238e-05,2,500,1500,1.000000,0.000000,1.000000,0.000000
0xb2cc224c1c9fee385f8ad6a55b4d94e92359dc59,10,1745621352,86400,11646,8.536238e-05,2,1000,1500,1.000000,0.000000,1.000000,0.000000
0xb2cc224c1c9fee385f8ad6a55b4d94e92359dc59,10,1745621352,86400,11646,8.536238e-05,10,200,1500,1.000000,0.000000,1.000000,0.000000
0xb2cc224c1c9fee385f8ad6a55b4d94e92359dc59,10,1745621352,86400,11646,8.536238e-05,10,500,1500,1.000000,0.000000,1.000000,0.000000
0xb2cc224c1c9fee385f8ad6a55b4d94e92359dc59,10,1745621352,86400,11646,8.536238e-05,10,1000,1500,1.000000,0.000000,1.000000,0.000000
0xb2cc224c1c9fee385f8ad6a55b4d94e92359dc59,10,1745621352,86400,11646,8.536238e-05,30,200,1500,1.000000,0.000000,1.000000,0.000000
0xb2cc224c1c9fee385f8ad6a55b4d94e92359dc59,10,1745621352,86400,11646,8.536238e-05,30,500,1500,1.000000,0.000000,1.000000,0.000000
0xb2cc224c1c9fee385f8ad6a55b4d94e92359dc59,10,1745621352,86400,11646,8.536238e-05,30,1000,1500,1.000000,0.000000,1.000000,0.000000
0xb2cc224c1c9fee385f8ad6a55b4d94e92359dc59,10,1745621352,86400,11646,8.536238e-05,60,200,1500,1.000000,0.000000,1.000000,0.000000
0xb2cc224c1c9fee385f8ad6a55b4d94e92359dc59,10,1745621352,86400,11646,8.536238e-05,60,500,1500,1.000000,0.000000,1.000000,0.000000
0xb2cc224c1c9fee385f8ad6a55b4d94e92359dc59,10,1745621352,86400,11646,8.536238e-05,60,1000,1500,1.000000,0.000000,1.000000,0.000000
0xb2cc224c1c9fee385f8ad6a55b4d94e92359dc59,10,1745621352,86400,11646,8.536238e-05,120,200,1500,1.000000,0.000000,1.000000,0.000000
0xb2cc224c1c9fee385f8ad6a55b4d94e92359dc59,10,1745621352,86400,11646,8.536238e-05,120,500,1500,1.000000,0.000000,1.000000,0.000000
0xb2cc224c1c9fee385f8ad6a55b4d94e92359dc59,10,1745621352,86400,11646,8.536238e-05,120,1000,1500,1.000000,0.000000,1.000000,0.000000
0xb2cc224c1c9fee385f8ad6a55b4d94e92359dc59,10,1745621352,86400,11646,8.536238e-05,300,200,1500,0.999982,0.000688,1.000000,-0.000018
0xb2cc224c1c9fee385f8ad6a55b4d94e92359dc59,10,1745621352,86400,11646,8.536238e-05,300,500,1500,1.000000,0.000000,1.000000,0.000000
0xb2cc224c1c9fee385f8ad6a55b4d94e92359dc59,10,1745621352,86400,11646,8.536238e-05,300,1000,1500,1.000000,0.000000,1.000000,0.000000
0xb2cc224c1c9fee385f8ad6a55b4d94e92359dc59,10,1745621352,86400,11646,8.536238e-05,600,200,1500,0.999711,0.006231,1.000000,-0.000289
0xb2cc224c1c9fee385f8ad6a55b4d94e92359dc59,10,1745621352,86400,11646,8.536238e-05,600,500,1500,1.000000,0.000000,1.000000,0.000000
0xb2cc224c1c9fee385f8ad6a55b4d94e92359dc59,10,1745621352,86400,11646,8.536238e-05,600,1000,1500,1.000000,0.000000,1.000000,0.000000
0xb2cc224c1c9fee385f8ad6a55b4d94e92359dc59,10,1745621352,86400,11646,8.536238e-05,1800,200,1500,0.996109,0.036478,0.999025,-0.002916
0xb2cc224c1c9fee385f8ad6a55b4d94e92359dc59,10,1745621352,86400,11646,8.536238e-05,1800,500,1500,1.000000,0.000000,1.000000,0.000000
0xb2cc224c1c9fee385f8ad6a55b4d94e92359dc59,10,1745621352,86400,11646,8.536238e-05,1800,1000,1500,1.000000,0.000000,1.000000,0.000000
0xb2cc224c1c9fee385f8ad6a55b4d94e92359dc59,10,1745621352,86400,11646,8.536238e-05,3600,200,1500,0.988919,0.066250,0.986737,0.002181
0xb2cc224c1c9fee385f8ad6a55b4d94e92359dc59,10,1745621352,86400,11646,8.536238e-05,3600,500,1500,1.000000,0.000000,1.000000,0.000000
0xb2cc224c1c9fee385f8ad6a55b4d94e92359dc59,10,1745621352,86400,11646,8.536238e-05,3600,1000,1500,1.000000,0.000000,1.000000,0.000000
0xb2cc224c1c9fee385f8ad6a55b4d94e92359dc59,10,1745621352,86400,11646,8.536238e-05,7200,200,1500,0.983524,0.058892,0.938240,0.045284
0xb2cc224c1c9fee385f8ad6a55b4d94e92359dc59,10,1745621352,86400,11646,8.536238e-05,7200,500,1500,1.000000,0.000000,0.999932,0.000068
0xb2cc224c1c9fee385f8ad6a55b4d94e92359dc59,10,1745621352,86400,11646,8.536238e-05,7200,1000,1500,1.000000,0.000000,1.000000,0.000000
0xb2cc224c1c9fee385f8ad6a55b4d94e92359dc59,10,1745621352,86400,11646,8.536238e-05,21600,200,1500,0.953071,0.100471,0.767198,0.185873
0xb2cc224c1c9fee385f8ad6a55b4d94e92359dc59,10,1745621352,86400,11646,8.536238e-05,21600,500,1500,1.000000,0.000000,0.988210,0.011790
0xb2cc224c1c9fee385f8ad6a55b4d94e92359dc59,10,1745621352,86400,11646,8.536238e-05,21600,1000,1500,1.000000,0.000000,0.999993,0.000007
0xb2cc224c1c9fee385f8ad6a55b4d94e92359dc59,10,1745621352,86400,11646,8.536238e-05,43200,200,1500,0.912047,0.128836,0.628604,0.283443
0xb2cc224c1c9fee385f8ad6a55b4d94e92359dc59,10,1745621352,86400,11646,8.536238e-05,43200,500,1500,0.999612,0.008123,0.942464,0.057148
0xb2cc224c1c9fee385f8ad6a55b4d94e92359dc59,10,1745621352,86400,11646,8.536238e-05,43200,1000,1500,1.000000,0.000000,0.999205,0.000795
0xb2cc224c1c9fee385f8ad6a55b4d94e92359dc59,11,1746704552,86400,19696,2.559421e-04,2,200,1500,1.000000,0.000000,1.000000,0.000000
0xb2cc224c1c9fee385f8ad6a55b4d94e92359dc59,11,1746704552,86400,19696,2.559421e-04,2,500,1500,1.000000,0.000000,1.000000,0.000000
0xb2cc224c1c9fee385f8ad6a55b4d94e92359dc59,11,1746704552,86400,19696,2.559421e-04,2,1000,1500,1.000000,0.000000,1.000000,0.000000
0xb2cc224c1c9fee385f8ad6a55b4d94e92359dc59,11,1746704552,86400,19696,2.559421e-04,10,200,1500,1.000000,0.000000,1.000000,0.000000
0xb2cc224c1c9fee385f8ad6a55b4d94e92359dc59,11,1746704552,86400,19696,2.559421e-04,10,500,1500,1.000000,0.000000,1.000000,0.000000
0xb2cc224c1c9fee385f8ad6a55b4d94e92359dc59,11,1746704552,86400,19696,2.559421e-04,10,1000,1500,1.000000,0.000000,1.000000,0.000000
0xb2cc224c1c9fee385f8ad6a55b4d94e92359dc59,11,1746704552,86400,19696,2.559421e-04,30,200,1500,0.999822,0.006883,1.000000,-0.000178
0xb2cc224c1c9fee385f8ad6a55b4d94e92359dc59,11,1746704552,86400,19696,2.559421e-04,30,500,1500,1.000000,0.000000,1.000000,0.000000
0xb2cc224c1c9fee385f8ad6a55b4d94e92359dc59,11,1746704552,86400,19696,2.559421e-04,30,1000,1500,1.000000,0.000000,1.000000,0.000000
0xb2cc224c1c9fee385f8ad6a55b4d94e92359dc59,11,1746704552,86400,19696,2.559421e-04,60,200,1500,0.999867,0.002978,1.000000,-0.000133
0xb2cc224c1c9fee385f8ad6a55b4d94e92359dc59,11,1746704552,86400,19696,2.559421e-04,60,500,1500,1.000000,0.000000,1.000000,0.000000
0xb2cc224c1c9fee385f8ad6a55b4d94e92359dc59,11,1746704552,86400,19696,2.559421e-04,60,1000,1500,1.000000,0.000000,1.000000,0.000000
0xb2cc224c1c9fee385f8ad6a55b4d94e92359dc59,11,1746704552,86400,19696,2.559421e-04,120,200,1500,0.999167,0.019922,0.999958,-0.000791
0xb2cc224c1c9fee385f8ad6a55b4d94e92359dc59,11,1746704552,86400,19696,2.559421e-04,120,500,1500,1.000000,0.000000,1.000000,0.000000
0xb2cc224c1c9fee385f8ad6a55b4d94e92359dc59,11,1746704552,86400,19696,2.559421e-04,120,1000,1500,1.000000,0.000000,1.000000,0.000000
0xb2cc224c1c9fee385f8ad6a55b4d94e92359dc59,11,1746704552,86400,19696,2.559421e-04,300,200,1500,0.991622,0.057844,0.994702,-0.003080
0xb2cc224c1c9fee385f8ad6a55b4d94e92359dc59,11,1746704552,86400,19696,2.559421e-04,300,500,1500,0.999973,0.001032,1.000000,-0.000027
0xb2cc224c1c9fee385f8ad6a55b4d94e92359dc59,11,1746704552,86400,19696,2.559421e-04,300,1000,1500,1.000000,0.000000,1.000000,0.000000
0xb2cc224c1c9fee385f8ad6a55b4d94e92359dc59,11,1746704552,86400,19696,2.559421e-04,600,200,1500,0.974913,0.107621,0.964308,0.010605
0xb2cc224c1c9fee385f8ad6a55b4d94e92359dc59,11,1746704552,86400,19696,2.559421e-04,600,500,1500,0.999371,0.008975,0.999993,-0.000622
0xb2cc224c1c9fee385f8ad6a55b4d94e92359dc59,11,1746704552,86400,19696,2.559421e-04,600,1000,1500,1.000000,0.000000,1.000000,0.000000
0xb2cc224c1c9fee385f8ad6a55b4d94e92359dc59,11,1746704552,86400,19696,2.559421e-04,1800,200,1500,0.930058,0.180736,0.820883,0.109175
0xb2cc224c1c9fee385f8ad6a55b4d94e92359dc59,11,1746704552,86400,19696,2.559421e-04,1800,500,1500,0.991101,0.059527,0.995427,-0.004326
0xb2cc224c1c9fee385f8ad6a55b4d94e92359dc59,11,1746704552,86400,19696,2.559421e-04,1800,1000,1500,1.000000,0.000000,1.000000,0.000000
0xb2cc224c1c9fee385f8ad6a55b4d94e92359dc59,11,1746704552,86400,19696,2.559421e-04,3600,200,1500,0.876306,0.222826,0.687010,0.189296
0xb2cc224c1c9fee385f8ad6a55b4d94e92359dc59,11,1746704552,86400,19696,2.559421e-04,3600,500,1500,0.972182,0.111740,0.967285,0.004897
0xb2cc224c1c9fee385f8ad6a55b4d94e92359dc59,11,1746704552,86400,19696,2.559421e-04,3600,1000,1500,0.999973,0.000587,0.999849,0.000125
0xb2cc224c1c9fee385f8ad6a55b4d94e92359dc59,11,1746704552,86400,19696,2.559421e-04,7200,200,1500,0.751204,0.296833,0.548439,0.202764
0xb2cc224c1c9fee385f8ad6a55b4d94e92359dc59,11,1746704552,86400,19696,2.559421e-04,7200,500,1500,0.930010,0.162080,0.892965,0.037044
0xb2cc224c1c9fee385f8ad6a55b4d94e92359dc59,11,1746704552,86400,19696,2.559421e-04,7200,1000,1500,0.996879,0.024834,0.995427,0.001452
0xb2cc224c1c9fee385f8ad6a55b4d94e92359dc59,11,1746704552,86400,19696,2.559421e-04,21600,200,1500,0.536382,0.306754,0.358520,0.177862
0xb2cc224c1c9fee385f8ad6a55b4d94e92359dc59,11,1746704552,86400,19696,2.559421e-04,21600,500,1500,0.771782,0.270095,0.695247,0.076535
0xb2cc224c1c9fee385f8ad6a55b4d94e92359dc59,11,1746704552,86400,19696,2.559421e-04,21600,1000,1500,0.932755,0.137707,0.929922,0.002833
0xb2cc224c1c9fee385f8ad6a55b4d94e92359dc59,11,1746704552,86400,19696,2.559421e-04,43200,200,1500,0.372091,0.234826,0.266391,0.105700
0xb2cc224c1c9fee385f8ad6a55b4d94e92359dc59,11,1746704552,86400,19696,2.559421e-04,43200,500,1500,0.567606,0.298345,0.556368,0.011239
0xb2cc224c1c9fee385f8ad6a55b4d94e92359dc59,11,1746704552,86400,19696,2.559421e-04,43200,1000,1500,0.812947,0.215305,0.828096,-0.015149
0xb2cc224c1c9fee385f8ad6a55b4d94e92359dc59,12,1747787751,86400,15799,1.577230e-04,2,200,1500,1.000000,0.000000,1.000000,0.000000
0xb2cc224c1c9fee385f8ad6a55b4d94e92359dc59,12,1747787751,86400,15799,1.577230e-04,2,500,1500,1.000000,0.000000,1.000000,0.000000
0xb2cc224c1c9fee385f8ad6a55b4d94e92359dc59,12,1747787751,86400,15799,1.577230e-04,2,1000,1500,1.000000,0.000000,1.000000,0.000000
0xb2cc224c1c9fee385f8ad6a55b4d94e92359dc59,12,1747787751,86400,15799,1.577230e-04,10,200,1500,1.000000,0.000000,1.000000,0.000000
0xb2cc224c1c9fee385f8ad6a55b4d94e92359dc59,12,1747787751,86400,15799,1.577230e-04,10,500,1500,1.000000,0.000000,1.000000,0.000000
0xb2cc224c1c9fee385f8ad6a55b4d94e92359dc59,12,1747787751,86400,15799,1.577230e-04,10,1000,1500,1.000000,0.000000,1.000000,0.000000
0xb2cc224c1c9fee385f8ad6a55b4d94e92359dc59,12,1747787751,86400,15799,1.577230e-04,30,200,1500,1.000000,0.000000,1.000000,0.000000
0xb2cc224c1c9fee385f8ad6a55b4d94e92359dc59,12,1747787751,86400,15799,1.577230e-04,30,500,1500,1.000000,0.000000,1.000000,0.000000
0xb2cc224c1c9fee385f8ad6a55b4d94e92359dc59,12,1747787751,86400,15799,1.577230e-04,30,1000,1500,1.000000,0.000000,1.000000,0.000000
0xb2cc224c1c9fee385f8ad6a55b4d94e92359dc59,12,1747787751,86400,15799,1.577230e-04,60,200,1500,1.000000,0.000000,1.000000,0.000000
0xb2cc224c1c9fee385f8ad6a55b4d94e92359dc59,12,1747787751,86400,15799,1.577230e-04,60,500,1500,1.000000,0.000000,1.000000,0.000000
0xb2cc224c1c9fee385f8ad6a55b4d94e92359dc59,12,1747787751,86400,15799,1.577230e-04,60,1000,1500,1.000000,0.000000,1.000000,0.000000
0xb2cc224c1c9fee385f8ad6a55b4d94e92359dc59,12,1747787751,86400,15799,1.577230e-04,120,200,1500,1.000000,0.000000,1.000000,0.000000
0xb2cc224c1c9fee385f8ad6a55b4d94e92359dc59,12,1747787751,86400,15799,1.577230e-04,120,500,1500,1.000000,0.000000,1.000000,0.000000
0xb2cc224c1c9fee385f8ad6a55b4d94e92359dc59,12,1747787751,86400,15799,1.577230e-04,120,1000,1500,1.000000,0.000000,1.000000,0.000000
0xb2cc224c1c9fee385f8ad6a55b4d94e92359dc59,12,1747787751,86400,15799,1.577230e-04,300,200,1500,0.999284,0.015994,0.999972,-0.000687
0xb2cc224c1c9fee385f8ad6a55b4d94e92359dc59,12,1747787751,86400,15799,1.577230e-04,300,500,1500,1.000000,0.000000,1.000000,0.000000
0xb2cc224c1c9fee385f8ad6a55b4d94e92359dc59,12,1747787751,86400,15799,1.577230e-04,300,1000,1500,1.000000,0.000000,1.000000,0.000000
0xb2cc224c1c9fee385f8ad6a55b4d94e92359dc59,12,1747787751,86400,15799,1.577230e-04,600,200,1500,0.997371,0.024385,0.998220,-0.000849
0xb2cc224c1c9fee385f8ad6a55b4d94e92359dc59,12,1747787751,86400,15799,1.577230e-04,600,500,1500,1.000000,0.000000,1.000000,0.000000
0xb2cc224c1c9fee385f8ad6a55b4d94e92359dc59,12,1747787751,86400,15799,1.577230e-04,600,1000,1500,1.000000,0.000000,1.000000,0.000000
0xb2cc224c1c9fee385f8ad6a55b4d94e92359dc59,12,1747787751,86400,15799,1.577230e-04,1800,200,1500,0.979534,0.083774,0.953637,0.025897
0xb2cc224c1c9fee385f8ad6a55b4d94e92359dc59,12,1747787751,86400,15799,1.577230e-04,1800,500,1500,0.998584,0.018782,0.999980,-0.001395
0xb2cc224c1c9fee385f8ad6a55b4d94e92359dc59,12,1747787751,86400,15799,1.577230e-04,1800,1000,1500,1.000000,0.000000,1.000000,0.000000
0xb2cc224c1c9fee385f8ad6a55b4d94e92359dc59,12,1747787751,86400,15799,1.577230e-04,3600,200,1500,0.936180,0.157914,0.867211,0.068969
0xb2cc224c1c9fee385f8ad6a55b4d94e92359dc59,12,1747787751,86400,15799,1.577230e-04,3600,500,1500,0.988914,0.067664,0.998518,-0.009604
0xb2cc224c1c9fee385f8ad6a55b4d94e92359dc59,12,1747787751,86400,15799,1.577230e-04,3600,1000,1500,0.999994,0.000134,1.000000,-0.000006
0xb2cc224c1c9fee385f8ad6a55b4d94e92359dc59,12,1747787751,86400,15799,1.577230e-04,7200,200,1500,0.860752,0.233352,0.742005,0.118747
0xb2cc224c1c9fee385f8ad6a55b4d94e92359dc59,12,1747787751,86400,15799,1.577230e-04,7200,500,1500,0.985344,0.088932,0.983094,0.002250
0xb2cc224c1c9fee385f8ad6a55b4d94e92359dc59,12,1747787751,86400,15799,1.577230e-04,7200,1000,1500,0.999260,0.006890,0.999980,-0.000719
0xb2cc224c1c9fee385f8ad6a55b4d94e92359dc59,12,1747787751,86400,15799,1.577230e-04,21600,200,1500,0.649100,0.279093,0.523445,0.125655
0xb2cc224c1c9fee385f8ad6a55b4d94e92359dc59,12,1747787751,86400,15799,1.577230e-04,21600,500,1500,0.921984,0.190779,0.873586,0.048398
0xb2cc224c1c9fee385f8ad6a55b4d94e92359dc59,12,1747787751,86400,15799,1.577230e-04,21600,1000,1500,0.996174,0.032986,0.992799,0.003375
0xb2cc224c1c9fee385f8ad6a55b4d94e92359dc59,12,1747787751,86400,15799,1.577230e-04,43200,200,1500,0.490397,0.254068,0.401227,0.089170
0xb2cc224c1c9fee385f8ad6a55b4d94e92359dc59,12,1747787751,86400,15799,1.577230e-04,43200,500,1500,0.848293,0.217632,0.750021,0.098272
0xb2cc224c1c9fee385f8ad6a55b4d94e92359dc59,12,1747787751,86400,15799,1.577230e-04,43200,1000,1500,0.997828,0.018365,0.957171,0.040657
0xb2cc224c1c9fee385f8ad6a55b4d94e92359dc59,13,1748870951,86400,11280,8.977312e-05,2,200,1500,1.000000,0.000000,1.000000,0.000000
0xb2cc224c1c9fee385f8ad6a55b4d94e92359dc59,13,1748870951,86400,11280,8.977312e-05,2,500,1500,1.000000,0.000000,1.000000,0.000000
0xb2cc224c1c9fee385f8ad6a55b4d94e92359dc59,13,1748870951,86400,11280,8.977312e-05,2,1000,1500,1.000000,0.000000,1.000000,0.000000
0xb2cc224c1c9fee385f8ad6a55b4d94e92359dc59,13,1748870951,86400,11280,8.977312e-05,10,200,1500,1.000000,0.000000,1.000000,0.000000
0xb2cc224c1c9fee385f8ad6a55b4d94e92359dc59,13,1748870951,86400,11280,8.977312e-05,10,500,1500,1.000000,0.000000,1.000000,0.000000
0xb2cc224c1c9fee385f8ad6a55b4d94e92359dc59,13,1748870951,86400,11280,8.977312e-05,10,1000,1500,1.000000,0.000000,1.000000,0.000000
0xb2cc224c1c9fee385f8ad6a55b4d94e92359dc59,13,1748870951,86400,11280,8.977312e-05,30,200,1500,1.000000,0.000000,1.000000,0.000000
0xb2cc224c1c9fee385f8ad6a55b4d94e92359dc59,13,1748870951,86400,11280,8.977312e-05,30,500,1500,1.000000,0.000000,1.000000,0.000000
0xb2cc224c1c9fee385f8ad6a55b4d94e92359dc59,13,1748870951,86400,11280,8.977312e-05,30,1000,1500,1.000000,0.000000,1.000000,0.000000
0xb2cc224c1c9fee385f8ad6a55b4d94e92359dc59,13,1748870951,86400,11280,8.977312e-05,60,200,1500,1.000000,0.000000,1.000000,0.000000
0xb2cc224c1c9fee385f8ad6a55b4d94e92359dc59,13,1748870951,86400,11280,8.977312e-05,60,500,1500,1.000000,0.000000,1.000000,0.000000
0xb2cc224c1c9fee385f8ad6a55b4d94e92359dc59,13,1748870951,86400,11280,8.977312e-05,60,1000,1500,1.000000,0.000000,1.000000,0.000000
0xb2cc224c1c9fee385f8ad6a55b4d94e92359dc59,13,1748870951,86400,11280,8.977312e-05,120,200,1500,1.000000,0.000000,1.000000,0.000000
0xb2cc224c1c9fee385f8ad6a55b4d94e92359dc59,13,1748870951,86400,11280,8.977312e-05,120,500,1500,1.000000,0.000000,1.000000,0.000000
0xb2cc224c1c9fee385f8ad6a55b4d94e92359dc59,13,1748870951,86400,11280,8.977312e-05,120,1000,1500,1.000000,0.000000,1.000000,0.000000
0xb2cc224c1c9fee385f8ad6a55b4d94e92359dc59,13,1748870951,86400,11280,8.977312e-05,300,200,1500,1.000000,0.000000,1.000000,0.000000
0xb2cc224c1c9fee385f8ad6a55b4d94e92359dc59,13,1748870951,86400,11280,8.977312e-05,300,500,1500,1.000000,0.000000,1.000000,0.000000
0xb2cc224c1c9fee385f8ad6a55b4d94e92359dc59,13,1748870951,86400,11280,8.977312e-05,300,1000,1500,1.000000,0.000000,1.000000,0.000000
0xb2cc224c1c9fee385f8ad6a55b4d94e92359dc59,13,1748870951,86400,11280,8.977312e-05,600,200,1500,1.000000,0.000000,1.000000,0.000000
0xb2cc224c1c9fee385f8ad6a55b4d94e92359dc59,13,1748870951,86400,11280,8.977312e-05,600,500,1500,1.000000,0.000000,1.000000,0.000000
0xb2cc224c1c9fee385f8ad6a55b4d94e92359dc59,13,1748870951,86400,11280,8.977312e-05,600,1000,1500,1.000000,0.000000,1.000000,0.000000
0xb2cc224c1c9fee385f8ad6a55b4d94e92359dc59,13,1748870951,86400,11280,8.977312e-05,1800,200,1500,0.999901,0.001873,0.998433,0.001468
0xb2cc224c1c9fee385f8ad6a55b4d94e92359dc59,13,1748870951,86400,11280,8.977312e-05,1800,500,1500,1.000000,0.000000,1.000000,0.000000
0xb2cc224c1c9fee385f8ad6a55b4d94e92359dc59,13,1748870951,86400,11280,8.977312e-05,1800,1000,1500,1.000000,0.000000,1.000000,0.000000
0xb2cc224c1c9fee385f8ad6a55b4d94e92359dc59,13,1748870951,86400,11280,8.977312e-05,3600,200,1500,0.998325,0.011347,0.982535,0.015790
0xb2cc224c1c9fee385f8ad6a55b4d94e92359dc59,13,1748870951,86400,11280,8.977312e-05,3600,500,1500,1.000000,0.000000,1.000000,0.000000
0xb2cc224c1c9fee385f8ad6a55b4d94e92359dc59,13,1748870951,86400,11280,8.977312e-05,3600,1000,1500,1.000000,0.000000,1.000000,0.000000
0xb2cc224c1c9fee385f8ad6a55b4d94e92359dc59,13,1748870951,86400,11280,8.977312e-05,7200,200,1500,0.970906,0.080377,0.927054,0.043853
0xb2cc224c1c9fee385f8ad6a55b4d94e92359dc59,13,1748870951,86400,11280,8.977312e-05,7200,500,1500,1.000000,0.000000,0.999864,0.000136
0xb2cc224c1c9fee385f8ad6a55b4d94e92359dc59,13,1748870951,86400,11280,8.977312e-05,7200,1000,1500,1.000000,0.000000,1.000000,0.000000
0xb2cc224c1c9fee385f8ad6a55b4d94e92359dc59,13,1748870951,86400,11280,8.977312e-05,21600,200,1500,0.812775,0.270449,0.747606,0.065168
0xb2cc224c1c9fee385f8ad6a55b4d94e92359dc59,13,1748870951,86400,11280,8.977312e-05,21600,500,1500,0.991746,0.033813,0.984338,0.007408
0xb2cc224c1c9fee385f8ad6a55b4d94e92359dc59,13,1748870951,86400,11280,8.977312e-05,21600,1000,1500,1.000000,0.000000,0.999984,0.000016
0xb2cc224c1c9fee385f8ad6a55b4d94e92359dc59,13,1748870951,86400,11280,8.977312e-05,43200,200,1500,0.703417,0.314666,0.608346,0.095070
0xb2cc224c1c9fee385f8ad6a55b4d94e92359dc59,13,1748870951,86400,11280,8.977312e-05,43200,500,1500,0.918382,0.166491,0.931715,-0.013333
0xb2cc224c1c9fee385f8ad6a55b4d94e92359dc59,13,1748870951,86400,11280,8.977312e-05,43200,1000,1500,1.000000,0.000000,0.998701,0.001299
0xb2cc224c1c9fee385f8ad6a55b4d94e92359dc59,14,1749954150,86400,8805,8.632389e-05,2,200,1500,1.000000,0.000000,1.000000,0.000000
0xb2cc224c1c9fee385f8ad6a55b4d94e92359dc59,14,1749954150,86400,8805,8.632389e-05,2,500,1500,1.000000,0.000000,1.000000,0.000000
0xb2cc224c1c9fee385f8ad6a55b4d94e92359dc59,14,1749954150,86400,8805,8.632389e-05,2,1000,1500,1.000000,0.000000,1.000000,0.000000
0xb2cc224c1c9fee385f8ad6a55b4d94e92359dc59,14,1749954150,86400,8805,8.632389e-05,10,200,1500,1.000000,0.000000,1.000000,0.000000
0xb2cc224c1c9fee385f8ad6a55b4d94e92359dc59,14,1749954150,86400,8805,8.632389e-05,10,500,1500,1.000000,0.000000,1.000000,0.000000
0xb2cc224c1c9fee385f8ad6a55b4d94e92359dc59,14,1749954150,86400,8805,8.632389e-05,10,1000,1500,1.000000,0.000000,1.000000,0.000000
0xb2cc224c1c9fee385f8ad6a55b4d94e92359dc59,14,1749954150,86400,8805,8.632389e-05,30,200,1500,1.000000,0.000000,1.000000,0.000000
0xb2cc224c1c9fee385f8ad6a55b4d94e92359dc59,14,1749954150,86400,8805,8.632389e-05,30,500,1500,1.000000,0.000000,1.000000,0.000000
0xb2cc224c1c9fee385f8ad6a55b4d94e92359dc59,14,1749954150,86400,8805,8.632389e-05,30,1000,1500,1.000000,0.000000,1.000000,0.000000
0xb2cc224c1c9fee385f8ad6a55b4d94e92359dc59,14,1749954150,86400,8805,8.632389e-05,60,200,1500,1.000000,0.000000,1.000000,0.000000
0xb2cc224c1c9fee385f8ad6a55b4d94e92359dc59,14,1749954150,86400,8805,8.632389e-05,60,500,1500,1.000000,0.000000,1.000000,0.000000
0xb2cc224c1c9fee385f8ad6a55b4d94e92359dc59,14,1749954150,86400,8805,8.632389e-05,60,1000,1500,1.000000,0.000000,1.000000,0.000000
0xb2cc224c1c9fee385f8ad6a55b4d94e92359dc59,14,1749954150,86400,8805,8.632389e-05,120,200,1500,1.000000,0.000000,1.000000,0.000000
0xb2cc224c1c9fee385f8ad6a55b4d94e92359dc59,14,1749954150,86400,8805,8.632389e-05,120,500,1500,1.000000,0.000000,1.000000,0.000000
0xb2cc224c1c9fee385f8ad6a55b4d94e92359dc59,14,1749954150,86400,8805,8.632389e-05,120,1000,1500,1.000000,0.000000,1.000000,0.000000
0xb2cc224c1c9fee385f8ad6a55b4d94e92359dc59,14,1749954150,86400,8805,8.632389e-05,300,200,1500,1.000000,0.000000,1.000000,0.000000
0xb2cc224c1c9fee385f8ad6a55b4d94e92359dc59,14,1749954150,86400,8805,8.632389e-05,300,500,1500,1.000000,0.000000,1.000000,0.000000
0xb2cc224c1c9fee385f8ad6a55b4d94e92359dc59,14,1749954150,86400,8805,8.632389e-05,300,1000,1500,1.000000,0.000000,1.000000,0.000000
0xb2cc224c1c9fee385f8ad6a55b4d94e92359dc59,14,1749954150,86400,8805,8.632389e-05,600,200,1500,1.000000,0.000000,1.000000,0.000000
0xb2cc224c1c9fee385f8ad6a55b4d94e92359dc59,14,1749954150,86400,8805,8.632389e-05,600,500,1500,1.000000,0.000000,1.000000,0.000000
0xb2cc224c1c9fee385f8ad6a55b4d94e92359dc59,14,1749954150,86400,8805,8.632389e-05,600,1000,1500,1.000000,0.000000,1.000000,0.000000
0xb2cc224c1c9fee385f8ad6a55b4d94e92359dc59,14,1749954150,86400,8805,8.632389e-05,1800,200,1500,0.998467,0.017299,0.998913,-0.000446
0xb2cc224c1c9fee385f8ad6a55b4d94e92359dc59,14,1749954150,86400,8805,8.632389e-05,1800,500,1500,1.000000,0.000000,1.000000,0.000000
0xb2cc224c1c9fee385f8ad6a55b4d94e92359dc59,14,1749954150,86400,8805,8.632389e-05,1800,1000,1500,1.000000,0.000000,1.000000,0.000000
0xb2cc224c1c9fee385f8ad6a55b4d94e92359dc59,14,1749954150,86400,8805,8.632389e-05,3600,200,1500,0.987720,0.063348,0.985875,0.001845
0xb2cc224c1c9fee385f8ad6a55b4d94e92359dc59,14,1749954150,86400,8805,8.632389e-05,3600,500,1500,1.000000,0.000000,1.000000,0.000000
0xb2cc224c1c9fee385f8ad6a55b4d94e92359dc59,14,1749954150,86400,8805,8.632389e-05,3600,1000,1500,1.000000,0.000000,1.000000,0.000000
0xb2cc224c1c9fee385f8ad6a55b4d94e92359dc59,14,1749954150,86400,8805,8.632389e-05,7200,200,1500,0.969116,0.101074,0.935846,0.033270
0xb2cc224c1c9fee385f8ad6a55b4d94e92359dc59,14,1749954150,86400,8805,8.632389e-05,7200,500,1500,1.000000,0.000000,0.999920,0.000080
0xb2cc224c1c9fee385f8ad6a55b4d94e92359dc59,14,1749954150,86400,8805,8.632389e-05,7200,1000,1500,1.000000,0.000000,1.000000,0.000000
0xb2cc224c1c9fee385f8ad6a55b4d94e92359dc59,14,1749954150,86400,8805,8.632389e-05,21600,200,1500,0.883891,0.211839,0.762873,0.121018
0xb2cc224c1c9fee385f8ad6a55b4d94e92359dc59,14,1749954150,86400,8805,8.632389e-05,21600,500,1500,0.999968,0.000865,0.987417,0.012551
0xb2cc224c1c9fee385f8ad6a55b4d94e92359dc59,14,1749954150,86400,8805,8.632389e-05,21600,1000,1500,1.000000,0.000000,0.999992,0.000008
0xb2cc224c1c9fee385f8ad6a55b4d94e92359dc59,14,1749954150,86400,8805,8.632389e-05,43200,200,1500,0.822891,0.163853,0.624089,0.198801
0xb2cc224c1c9fee385f8ad6a55b4d94e92359dc59,14,1749954150,86400,8805,8.632389e-05,43200,500,1500,0.999992,0.000306,0.940168,0.059824
0xb2cc224c1c9fee385f8ad6a55b4d94e92359dc59,14,1749954150,86400,8805,8.632389e-05,43200,1000,1500,1.000000,0.000000,0.999110,0.000890
0xb2cc224c1c9fee385f8ad6a55b4d94e92359dc59,15,1751037350,86400,7169,6.762348e-05,2,200,1500,1.000000,0.000000,1.000000,0.000000
0xb2cc224c1c9fee385f8ad6a55b4d94e92359dc59,15,1751037350,86400,7169,6.762348e-05,2,500,1500,1.000000,0.000000,1.000000,0.000000
0xb2cc224c1c9fee385f8ad6a55b4d94e92359dc59,15,1751037350,86400,7169,6.762348e-05,2,1000,1500,1.000000,0.000000,1.000000,0.000000
0xb2cc224c1c9fee385f8ad6a55b4d94e92359dc59,15,1751037350,86400,7169,6.762348e-05,10,200,1500,1.000000,0.000000,1.000000,0.000000
0xb2cc224c1c9fee385f8ad6a55b4d94e92359dc59,15,1751037350,86400,7169,6.762348e-05,10,500,1500,1.000000,0.000000,1.000000,0.000000
0xb2cc224c1c9fee385f8ad6a55b4d94e92359dc59,15,1751037350,86400,7169,6.762348e-05,10,1000,1500,1.000000,0.000000,1.000000,0.000000
0xb2cc224c1c9fee385f8ad6a55b4d94e92359dc59,15,1751037350,86400,7169,6.762348e-05,30,200,1500,1.000000,0.000000,1.000000,0.000000
0xb2cc224c1c9fee385f8ad6a55b4d94e92359dc59,15,1751037350,86400,7169,6.762348e-05,30,500,1500,1.000000,0.000000,1.000000,0.000000
0xb2cc224c1c9fee385f8ad6a55b4d94e92359dc59,15,1751037350,86400,7169,6.762348e-05,30,1000,1500,1.000000,0.000000,1.000000,0.000000
0xb2cc224c1c9fee385f8ad6a55b4d94e92359dc59,15,1751037350,86400,7169,6.762348e-05,60,200,1500,1.000000,0.000000,1.000000,0.000000
0xb2cc224c1c9fee385f8ad6a55b4d94e92359dc59,15,1751037350,86400,7169,6.762348e-05,60,500,1500,1.000000,0.000000,1.000000,0.000000
0xb2cc224c1c9fee385f8ad6a55b4d94e92359dc59,15,1751037350,86400,7169,6.762348e-05,60,1000,1500,1.000000,0.000000,1.000000,0.000000
0xb2cc224c1c9fee385f8ad6a55b4d94e92359dc59,15,1751037350,86400,7169,6.762348e-05,120,200,1500,1.000000,0.000000,1.000000,0.000000
0xb2cc224c1c9fee385f8ad6a55b4d94e92359dc59,15,1751037350,86400,7169,6.762348e-05,120,500,1500,1.000000,0.000000,1.000000,0.000000
0xb2cc224c1c9fee385f8ad6a55b4d94e92359dc59,15,1751037350,86400,7169,6.762348e-05,120,1000,1500,1.000000,0.000000,1.000000,0.000000
0xb2cc224c1c9fee385f8ad6a55b4d94e92359dc59,15,1751037350,86400,7169,6.762348e-05,300,200,1500,1.000000,0.000000,1.000000,0.000000
0xb2cc224c1c9fee385f8ad6a55b4d94e92359dc59,15,1751037350,86400,7169,6.762348e-05,300,500,1500,1.000000,0.000000,1.000000,0.000000
0xb2cc224c1c9fee385f8ad6a55b4d94e92359dc59,15,1751037350,86400,7169,6.762348e-05,300,1000,1500,1.000000,0.000000,1.000000,0.000000
0xb2cc224c1c9fee385f8ad6a55b4d94e92359dc59,15,1751037350,86400,7169,6.762348e-05,600,200,1500,1.000000,0.000000,1.000000,0.000000
0xb2cc224c1c9fee385f8ad6a55b4d94e92359dc59,15,1751037350,86400,7169,6.762348e-05,600,500,1500,1.000000,0.000000,1.000000,0.000000
0xb2cc224c1c9fee385f8ad6a55b4d94e92359dc59,15,1751037350,86400,7169,6.762348e-05,600,1000,1500,1.000000,0.000000,1.000000,0.000000
0xb2cc224c1c9fee385f8ad6a55b4d94e92359dc59,15,1751037350,86400,7169,6.762348e-05,1800,200,1500,1.000000,0.000000,0.999941,0.000059
0xb2cc224c1c9fee385f8ad6a55b4d94e92359dc59,15,1751037350,86400,7169,6.762348e-05,1800,500,1500,1.000000,0.000000,1.000000,0.000000
0xb2cc224c1c9fee385f8ad6a55b4d94e92359dc59,15,1751037350,86400,7169,6.762348e-05,1800,1000,1500,1.000000,0.000000,1.000000,0.000000
0xb2cc224c1c9fee385f8ad6a55b4d94e92359dc59,15,1751037350,86400,7169,6.762348e-05,3600,200,1500,0.999895,0.001839,0.997301,0.002594
0xb2cc224c1c9fee385f8ad6a55b4d94e92359dc59,15,1751037350,86400,7169,6.762348e-05,3600,500,1500,1.000000,0.000000,1.000000,0.000000
0xb2cc224c1c9fee385f8ad6a55b4d94e92359dc59,15,1751037350,86400,7169,6.762348e-05,3600,1000,1500,1.000000,0.000000,1.000000,0.000000
0xb2cc224c1c9fee385f8ad6a55b4d94e92359dc59,15,1751037350,86400,7169,6.762348e-05,7200,200,1500,0.995279,0.028319,0.976011,0.019268
0xb2cc224c1c9fee385f8ad6a55b4d94e92359dc59,15,1751037350,86400,7169,6.762348e-05,7200,500,1500,1.000000,0.000000,0.999999,0.000001
0xb2cc224c1c9fee385f8ad6a55b4d94e92359dc59,15,1751037350,86400,7169,6.762348e-05,7200,1000,1500,1.000000,0.000000,1.000000,0.000000
0xb2cc224c1c9fee385f8ad6a55b4d94e92359dc59,15,1751037350,86400,7169,6.762348e-05,21600,200,1500,0.946639,0.158314,0.851351,0.095288
0xb2cc224c1c9fee385f8ad6a55b4d94e92359dc59,15,1751037350,86400,7169,6.762348e-05,21600,500,1500,1.000000,0.000000,0.997721,0.002279
0xb2cc224c1c9fee385f8ad6a55b4d94e92359dc59,15,1751037350,86400,7169,6.762348e-05,21600,1000,1500,1.000000,0.000000,1.000000,0.000000
0xb2cc224c1c9fee385f8ad6a55b4d94e92359dc59,15,1751037350,86400,7169,6.762348e-05,43200,200,1500,0.938020,0.169766,0.722580,0.215440
0xb2cc224c1c9fee385f8ad6a55b4d94e92359dc59,15,1751037350,86400,7169,6.762348e-05,43200,500,1500,1.000000,0.000000,0.978276,0.021724
0xb2cc224c1c9fee385f8ad6a55b4d94e92359dc59,15,1751037350,86400,7169,6.762348e-05,43200,1000,1500,1.000000,0.000000,0.999956,0.000044
0xb2cc224c1c9fee385f8ad6a55b4d94e92359dc59,16,1752120550,86400,13550,1.739683e-04,2,200,1500,1.000000,0.000000,1.000000,0.000000
0xb2cc224c1c9fee385f8ad6a55b4d94e92359dc59,16,1752120550,86400,13550,1.739683e-04,2,500,1500,1.000000,0.000000,1.000000,0.000000
0xb2cc224c1c9fee385f8ad6a55b4d94e92359dc59,16,1752120550,86400,13550,1.739683e-04,2,1000,1500,1.000000,0.000000,1.000000,0.000000
0xb2cc224c1c9fee385f8ad6a55b4d94e92359dc59,16,1752120550,86400,13550,1.739683e-04,10,200,1500,1.000000,0.000000,1.000000,0.000000
0xb2cc224c1c9fee385f8ad6a55b4d94e92359dc59,16,1752120550,86400,13550,1.739683e-04,10,500,1500,1.000000,0.000000,1.000000,0.000000
0xb2cc224c1c9fee385f8ad6a55b4d94e92359dc59,16,1752120550,86400,13550,1.739683e-04,10,1000,1500,1.000000,0.000000,1.000000,0.000000
0xb2cc224c1c9fee385f8ad6a55b4d94e92359dc59,16,1752120550,86400,13550,1.739683e-04,30,200,1500,1.000000,0.000000,1.000000,0.000000
0xb2cc224c1c9fee385f8ad6a55b4d94e92359dc59,16,1752120550,86400,13550,1.739683e-04,30,500,1500,1.000000,0.000000,1.000000,0.000000
0xb2cc224c1c9fee385f8ad6a55b4d94e92359dc59,16,1752120550,86400,13550,1.739683e-04,30,1000,1500,1.000000,0.000000,1.000000,0.000000
0xb2cc224c1c9fee385f8ad6a55b4d94e92359dc59,16,1752120550,86400,13550,1.739683e-04,60,200,1500,1.000000,0.000000,1.000000,0.000000
0xb2cc224c1c9fee385f8ad6a55b4d94e92359dc59,16,1752120550,86400,13550,1.739683e-04,60,500,1500,1.000000,0.000000,1.000000,0.000000
0xb2cc224c1c9fee385f8ad6a55b4d94e92359dc59,16,1752120550,86400,13550,1.739683e-04,60,1000,1500,1.000000,0.000000,1.000000,0.000000
0xb2cc224c1c9fee385f8ad6a55b4d94e92359dc59,16,1752120550,86400,13550,1.739683e-04,120,200,1500,0.999656,0.010187,1.000000,-0.000344
0xb2cc224c1c9fee385f8ad6a55b4d94e92359dc59,16,1752120550,86400,13550,1.739683e-04,120,500,1500,1.000000,0.000000,1.000000,0.000000
0xb2cc224c1c9fee385f8ad6a55b4d94e92359dc59,16,1752120550,86400,13550,1.739683e-04,120,1000,1500,1.000000,0.000000,1.000000,0.000000
0xb2cc224c1c9fee385f8ad6a55b4d94e92359dc59,16,1752120550,86400,13550,1.739683e-04,300,200,1500,0.999076,0.014944,0.999882,-0.000807
0xb2cc224c1c9fee385f8ad6a55b4d94e92359dc59,16,1752120550,86400,13550,1.739683e-04,300,500,1500,1.000000,0.000000,1.000000,0.000000
0xb2cc224c1c9fee385f8ad6a55b4d94e92359dc59,16,1752120550,86400,13550,1.739683e-04,300,1000,1500,1.000000,0.000000,1.000000,0.000000
0xb2cc224c1c9fee385f8ad6a55b4d94e92359dc59,16,1752120550,86400,13550,1.739683e-04,600,200,1500,0.996120,0.042616,0.996032,0.000088
0xb2cc224c1c9fee385f8ad6a55b4d94e92359dc59,16,1752120550,86400,13550,1.739683e-04,600,500,1500,0.999982,0.000487,1.000000,-0.000018
0xb2cc224c1c9fee385f8ad6a55b4d94e92359dc59,16,1752120550,86400,13550,1.739683e-04,600,1000,1500,1.000000,0.000000,1.000000,0.000000
0xb2cc224c1c9fee385f8ad6a55b4d94e92359dc59,16,1752120550,86400,13550,1.739683e-04,1800,200,1500,0.981818,0.101407,0.934187,0.047631
0xb2cc224c1c9fee385f8ad6a55b4d94e92359dc59,16,1752120550,86400,13550,1.739683e-04,1800,500,1500,0.998159,0.024462,0.999911,-0.001752
0xb2cc224c1c9fee385f8ad6a55b4d94e92359dc59,16,1752120550,86400,13550,1.739683e-04,1800,1000,1500,1.000000,0.000000,1.000000,0.000000
0xb2cc224c1c9fee385f8ad6a55b4d94e92359dc59,16,1752120550,86400,13550,1.739683e-04,3600,200,1500,0.966781,0.136964,0.834745,0.132037
0xb2cc224c1c9fee385f8ad6a55b4d94e92359dc59,16,1752120550,86400,13550,1.739683e-04,3600,500,1500,0.988057,0.069541,0.996608,-0.008550
0xb2cc224c1c9fee385f8ad6a55b4d94e92359dc59,16,1752120550,86400,13550,1.739683e-04,3600,1000,1500,0.999960,0.000730,1.000000,-0.000040
0xb2cc224c1c9fee385f8ad6a55b4d94e92359dc59,16,1752120550,86400,13550,1.739683e-04,7200,200,1500,0.936686,0.179252,0.702935,0.233751
0xb2cc224c1c9fee385f8ad6a55b4d94e92359dc59,16,1752120550,86400,13550,1.739683e-04,7200,500,1500,0.981908,0.100714,0.972567,0.009340
0xb2cc224c1c9fee385f8ad6a55b4d94e92359dc59,16,1752120550,86400,13550,1.739683e-04,7200,1000,1500,0.996459,0.024156,0.999911,-0.003452
0xb2cc224c1c9fee385f8ad6a55b4d94e92359dc59,16,1752120550,86400,13550,1.739683e-04,21600,200,1500,0.795789,0.268579,0.486931,0.308858
0xb2cc224c1c9fee385f8ad6a55b4d94e92359dc59,16,1752120550,86400,13550,1.739683e-04,21600,500,1500,0.931233,0.196737,0.841741,0.089491
0xb2cc224c1c9fee385f8ad6a55b4d94e92359dc59,16,1752120550,86400,13550,1.739683e-04,21600,1000,1500,0.972993,0.075062,0.986857,-0.013864
0xb2cc224c1c9fee385f8ad6a55b4d94e92359dc59,16,1752120550,86400,13550,1.739683e-04,43200,200,1500,0.646022,0.325475,0.370429,0.275593
0xb2cc224c1c9fee385f8ad6a55b4d94e92359dc59,16,1752120550,86400,13550,1.739683e-04,43200,500,1500,0.832321,0.282700,0.711132,0.121190
0xb2cc224c1c9fee385f8ad6a55b4d94e92359dc59,16,1752120550,86400,13550,1.739683e-04,43200,1000,1500,0.954965,0.082272,0.938575,0.016390
0xb2cc224c1c9fee385f8ad6a55b4d94e92359dc59,17,1753203749,86400,14343,1.043100e-04,2,200,1500,1.000000,0.000000,1.000000,0.000000
0xb2cc224c1c9fee385f8ad6a55b4d94e92359dc59,17,1753203749,86400,14343,1.043100e-04,2,500,1500,1.000000,0.000000,1.000000,0.000000
0xb2cc224c1c9fee385f8ad6a55b4d94e92359dc59,17,1753203749,86400,14343,1.043100e-04,2,1000,1500,1.000000,0.000000,1.000000,0.000000
0xb2cc224c1c9fee385f8ad6a55b4d94e92359dc59,17,1753203749,86400,14343,1.043100e-04,10,200,1500,1.000000,0.000000,1.000000,0.000000
0xb2cc224c1c9fee385f8ad6a55b4d94e92359dc59,17,1753203749,86400,14343,1.043100e-04,10,500,1500,1.000000,0.000000,1.000000,0.000000
0xb2cc224c1c9fee385f8ad6a55b4d94e92359dc59,17,1753203749,86400,14343,1.043100e-04,10,1000,1500,1.000000,0.000000,1.000000,0.000000
0xb2cc224c1c9fee385f8ad6a55b4d94e92359dc59,17,1753203749,86400,14343,1.043100e-04,30,200,1500,1.000000,0.000000,1.000000,0.000000
0xb2cc224c1c9fee385f8ad6a55b4d94e92359dc59,17,1753203749,86400,14343,1.043100e-04,30,500,1500,1.000000,0.000000,1.000000,0.000000
0xb2cc224c1c9fee385f8ad6a55b4d94e92359dc59,17,1753203749,86400,14343,1.043100e-04,30,1000,1500,1.000000,0.000000,1.000000,0.000000
0xb2cc224c1c9fee385f8ad6a55b4d94e92359dc59,17,1753203749,86400,14343,1.043100e-04,60,200,1500,1.000000,0.000000,1.000000,0.000000
0xb2cc224c1c9fee385f8ad6a55b4d94e92359dc59,17,1753203749,86400,14343,1.043100e-04,60,500,1500,1.000000,0.000000,1.000000,0.000000
0xb2cc224c1c9fee385f8ad6a55b4d94e92359dc59,17,1753203749,86400,14343,1.043100e-04,60,1000,1500,1.000000,0.000000,1.000000,0.000000
0xb2cc224c1c9fee385f8ad6a55b4d94e92359dc59,17,1753203749,86400,14343,1.043100e-04,120,200,1500,1.000000,0.000000,1.000000,0.000000
0xb2cc224c1c9fee385f8ad6a55b4d94e92359dc59,17,1753203749,86400,14343,1.043100e-04,120,500,1500,1.000000,0.000000,1.000000,0.000000
0xb2cc224c1c9fee385f8ad6a55b4d94e92359dc59,17,1753203749,86400,14343,1.043100e-04,120,1000,1500,1.000000,0.000000,1.000000,0.000000
0xb2cc224c1c9fee385f8ad6a55b4d94e92359dc59,17,1753203749,86400,14343,1.043100e-04,300,200,1500,1.000000,0.000000,1.000000,0.000000
0xb2cc224c1c9fee385f8ad6a55b4d94e92359dc59,17,1753203749,86400,14343,1.043100e-04,300,500,1500,1.000000,0.000000,1.000000,0.000000
0xb2cc224c1c9fee385f8ad6a55b4d94e92359dc59,17,1753203749,86400,14343,1.043100e-04,300,1000,1500,1.000000,0.000000,1.000000,0.000000
0xb2cc224c1c9fee385f8ad6a55b4d94e92359dc59,17,1753203749,86400,14343,1.043100e-04,600,200,1500,1.000000,0.000000,0.999991,0.000009
0xb2cc224c1c9fee385f8ad6a55b4d94e92359dc59,17,1753203749,86400,14343,1.043100e-04,600,500,1500,1.000000,0.000000,1.000000,0.000000
0xb2cc224c1c9fee385f8ad6a55b4d94e92359dc59,17,1753203749,86400,14343,1.043100e-04,600,1000,1500,1.000000,0.000000,1.000000,0.000000
0xb2cc224c1c9fee385f8ad6a55b4d94e92359dc59,17,1753203749,86400,14343,1.043100e-04,1800,200,1500,0.997144,0.026247,0.994766,0.002378
0xb2cc224c1c9fee385f8ad6a55b4d94e92359dc59,17,1753203749,86400,14343,1.043100e-04,1800,500,1500,1.000000,0.000000,1.000000,0.000000
0xb2cc224c1c9fee385f8ad6a55b4d94e92359dc59,17,1753203749,86400,14343,1.043100e-04,1800,1000,1500,1.000000,0.000000,1.000000,0.000000
0xb2cc224c1c9fee385f8ad6a55b4d94e92359dc59,17,1753203749,86400,14343,1.043100e-04,3600,200,1500,0.988587,0.062176,0.964563,0.024024
0xb2cc224c1c9fee385f8ad6a55b4d94e92359dc59,17,1753203749,86400,14343,1.043100e-04,3600,500,1500,1.000000,0.000000,0.999994,0.000006
0xb2cc224c1c9fee385f8ad6a55b4d94e92359dc59,17,1753203749,86400,14343,1.043100e-04,3600,1000,1500,1.000000,0.000000,1.000000,0.000000
0xb2cc224c1c9fee385f8ad6a55b4d94e92359dc59,17,1753203749,86400,14343,1.043100e-04,7200,200,1500,0.965604,0.111851,0.887563,0.078041
0xb2cc224c1c9fee385f8ad6a55b4d94e92359dc59,17,1753203749,86400,14343,1.043100e-04,7200,500,1500,1.000000,0.000000,0.999223,0.000777
0xb2cc224c1c9fee385f8ad6a55b4d94e92359dc59,17,1753203749,86400,14343,1.043100e-04,7200,1000,1500,1.000000,0.000000,1.000000,0.000000
0xb2cc224c1c9fee385f8ad6a55b4d94e92359dc59,17,1753203749,86400,14343,1.043100e-04,21600,200,1500,0.879398,0.179229,0.687698,0.191700
0xb2cc224c1c9fee385f8ad6a55b4d94e92359dc59,17,1753203749,86400,14343,1.043100e-04,21600,500,1500,0.999883,0.000999,0.967526,0.032357
0xb2cc224c1c9fee385f8ad6a55b4d94e92359dc59,17,1753203749,86400,14343,1.043100e-04,21600,1000,1500,1.000000,0.000000,0.999852,0.000148
0xb2cc224c1c9fee385f8ad6a55b4d94e92359dc59,17,1753203749,86400,14343,1.043100e-04,43200,200,1500,0.731145,0.208819,0.549100,0.182045
0xb2cc224c1c9fee385f8ad6a55b4d94e92359dc59,17,1753203749,86400,14343,1.043100e-04,43200,500,1500,0.998360,0.008455,0.893451,0.104908
0xb2cc224c1c9fee385f8ad6a55b4d94e92359dc59,17,1753203749,86400,14343,1.043100e-04,43200,1000,1500,1.000000,0.000000,0.995484,0.004516
0xb2cc224c1c9fee385f8ad6a55b4d94e92359dc59,18,1754286949,86400,13659,7.590827e-05,2,200,1500,1.000000,0.000000,1.000000,0.000000
0xb2cc224c1c9fee385f8ad6a55b4d94e92359dc59,18,1754286949,86400,13659,7.590827e-05,2,500,1500,1.000000,0.000000,1.000000,0.000000
0xb2cc224c1c9fee385f8ad6a55b4d94e92359dc59,18,1754286949,86400,13659,7.590827e-05,2,1000,1500,1.000000,0.000000,1.000000,0.000000
0xb2cc224c1c9fee385f8ad6a55b4d94e92359dc59,18,1754286949,86400,13659,7.590827e-05,10,200,1500,1.000000,0.000000,1.000000,0.000000
0xb2cc224c1c9fee385f8ad6a55b4d94e92359dc59,18,1754286949,86400,13659,7.590827e-05,10,500,1500,1.000000,0.000000,1.000000,0.000000
0xb2cc224c1c9fee385f8ad6a55b4d94e92359dc59,18,1754286949,86400,13659,7.590827e-05,10,1000,1500,1.000000,0.000000,1.000000,0.000000
0xb2cc224c1c9fee385f8ad6a55b4d94e92359dc59,18,1754286949,86400,13659,7.590827e-05,30,200,1500,1.000000,0.000000,1.000000,0.000000
0xb2cc224c1c9fee385f8ad6a55b4d94e92359dc59,18,1754286949,86400,13659,7.590827e-05,30,500,1500,1.000000,0.000000,1.000000,0.000000
0xb2cc224c1c9fee385f8ad6a55b4d94e92359dc59,18,1754286949,86400,13659,7.590827e-05,30,1000,1500,1.000000,0.000000,1.000000,0.000000
0xb2cc224c1c9fee385f8ad6a55b4d94e92359dc59,18,1754286949,86400,13659,7.590827e-05,60,200,1500,1.000000,0.000000,1.000000,0.000000
0xb2cc224c1c9fee385f8ad6a55b4d94e92359dc59,18,1754286949,86400,13659,7.590827e-05,60,500,1500,1.000000,0.000000,1.000000,0.000000
0xb2cc224c1c9fee385f8ad6a55b4d94e92359dc59,18,1754286949,86400,13659,7.590827e-05,60,1000,1500,1.000000,0.000000,1.000000,0.000000
0xb2cc224c1c9fee385f8ad6a55b4d94e92359dc59,18,1754286949,86400,13659,7.590827e-05,120,200,1500,1.000000,0.000000,1.000000,0.000000
0xb2cc224c1c9fee385f8ad6a55b4d94e92359dc59,18,1754286949,86400,13659,7.590827e-05,120,500,1500,1.000000,0.000000,1.000000,0.000000
0xb2cc224c1c9fee385f8ad6a55b4d94e92359dc59,18,1754286949,86400,13659,7.590827e-05,120,1000,1500,1.000000,0.000000,1.000000,0.000000
0xb2cc224c1c9fee385f8ad6a55b4d94e92359dc59,18,1754286949,86400,13659,7.590827e-05,300,200,1500,1.000000,0.000000,1.000000,0.000000
0xb2cc224c1c9fee385f8ad6a55b4d94e92359dc59,18,1754286949,86400,13659,7.590827e-05,300,500,1500,1.000000,0.000000,1.000000,0.000000
0xb2cc224c1c9fee385f8ad6a55b4d94e92359dc59,18,1754286949,86400,13659,7.590827e-05,300,1000,1500,1.000000,0.000000,1.000000,0.000000
0xb2cc224c1c9fee385f8ad6a55b4d94e92359dc59,18,1754286949,86400,13659,7.590827e-05,600,200,1500,1.000000,0.000000,1.000000,0.000000
0xb2cc224c1c9fee385f8ad6a55b4d94e92359dc59,18,1754286949,86400,13659,7.590827e-05,600,500,1500,1.000000,0.000000,1.000000,0.000000
0xb2cc224c1c9fee385f8ad6a55b4d94e92359dc59,18,1754286949,86400,13659,7.590827e-05,600,1000,1500,1.000000,0.000000,1.000000,0.000000
0xb2cc224c1c9fee385f8ad6a55b4d94e92359dc59,18,1754286949,86400,13659,7.590827e-05,1800,200,1500,0.997716,0.024585,0.999727,-0.002011
0xb2cc224c1c9fee385f8ad6a55b4d94e92359dc59,18,1754286949,86400,13659,7.590827e-05,1800,500,1500,1.000000,0.000000,1.000000,0.000000
0xb2cc224c1c9fee385f8ad6a55b4d94e92359dc59,18,1754286949,86400,13659,7.590827e-05,1800,1000,1500,1.000000,0.000000,1.000000,0.000000
0xb2cc224c1c9fee385f8ad6a55b4d94e92359dc59,18,1754286949,86400,13659,7.590827e-05,3600,200,1500,0.988736,0.065585,0.993608,-0.004872
0xb2cc224c1c9fee385f8ad6a55b4d94e92359dc59,18,1754286949,86400,13659,7.590827e-05,3600,500,1500,1.000000,0.000000,1.000000,0.000000
0xb2cc224c1c9fee385f8ad6a55b4d94e92359dc59,18,1754286949,86400,13659,7.590827e-05,3600,1000,1500,1.000000,0.000000,1.000000,0.000000
0xb2cc224c1c9fee385f8ad6a55b4d94e92359dc59,18,1754286949,86400,13659,7.590827e-05,7200,200,1500,0.970633,0.114690,0.960101,0.010532
0xb2cc224c1c9fee385f8ad6a55b4d94e92359dc59,18,1754286949,86400,13659,7.590827e-05,7200,500,1500,0.998329,0.016720,0.999989,-0.001661
0xb2cc224c1c9fee385f8ad6a55b4d94e92359dc59,18,1754286949,86400,13659,7.590827e-05,7200,1000,1500,1.000000,0.000000,1.000000,0.000000
0xb2cc224c1c9fee385f8ad6a55b4d94e92359dc59,18,1754286949,86400,13659,7.590827e-05,21600,200,1500,0.834889,0.226131,0.811172,0.023717
0xb2cc224c1c9fee385f8ad6a55b4d94e92359dc59,18,1754286949,86400,13659,7.590827e-05,21600,500,1500,0.983462,0.052416,0.994449,-0.010987
0xb2cc224c1c9fee385f8ad6a55b4d94e92359dc59,18,1754286949,86400,13659,7.590827e-05,21600,1000,1500,1.000000,0.000000,0.999999,0.000001
0xb2cc224c1c9fee385f8ad6a55b4d94e92359dc59,18,1754286949,86400,13659,7.590827e-05,43200,200,1500,0.628733,0.264173,0.676083,-0.047350
0xb2cc224c1c9fee385f8ad6a55b4d94e92359dc59,18,1754286949,86400,13659,7.590827e-05,43200,500,1500,0.903698,0.178830,0.963306,-0.059609
0xb2cc224c1c9fee385f8ad6a55b4d94e92359dc59,18,1754286949,86400,13659,7.590827e-05,43200,1000,1500,1.000000,0.000000,0.999787,0.000213
0xb2cc224c1c9fee385f8ad6a55b4d94e92359dc59,19,1755370148,86400,13317,6.696839e-05,2,200,1500,1.000000,0.000000,1.000000,0.000000
0xb2cc224c1c9fee385f8ad6a55b4d94e92359dc59,19,1755370148,86400,13317,6.696839e-05,2,500,1500,1.000000,0.000000,1.000000,0.000000
0xb2cc224c1c9fee385f8ad6a55b4d94e92359dc59,19,1755370148,86400,13317,6.696839e-05,2,1000,1500,1.000000,0.000000,1.000000,0.000000
0xb2cc224c1c9fee385f8ad6a55b4d94e92359dc59,19,1755370148,86400,13317,6.696839e-05,10,200,1500,1.000000,0.000000,1.000000,0.000000
0xb2cc224c1c9fee385f8ad6a55b4d94e92359dc59,19,1755370148,86400,13317,6.696839e-05,10,500,1500,1.000000,0.000000,1.000000,0.000000
0xb2cc224c1c9fee385f8ad6a55b4d94e92359dc59,19,1755370148,86400,13317,6.696839e-05,10,1000,1500,1.000000,0.000000,1.000000,0.000000
0xb2cc224c1c9fee385f8ad6a55b4d94e92359dc59,19,1755370148,86400,13317,6.696839e-05,30,200,1500,1.000000,0.000000,1.000000,0.000000
0xb2cc224c1c9fee385f8ad6a55b4d94e92359dc59,19,1755370148,86400,13317,6.696839e-05,30,500,1500,1.000000,0.000000,1.000000,0.000000
0xb2cc224c1c9fee385f8ad6a55b4d94e92359dc59,19,1755370148,86400,13317,6.696839e-05,30,1000,1500,1.000000,0.000000,1.000000,0.000000
0xb2cc224c1c9fee385f8ad6a55b4d94e92359dc59,19,1755370148,86400,13317,6.696839e-05,60,200,1500,1.000000,0.000000,1.000000,0.000000
0xb2cc224c1c9fee385f8ad6a55b4d94e92359dc59,19,1755370148,86400,13317,6.696839e-05,60,500,1500,1.000000,0.000000,1.000000,0.000000
0xb2cc224c1c9fee385f8ad6a55b4d94e92359dc59,19,1755370148,86400,13317,6.696839e-05,60,1000,1500,1.000000,0.000000,1.000000,0.000000
0xb2cc224c1c9fee385f8ad6a55b4d94e92359dc59,19,1755370148,86400,13317,6.696839e-05,120,200,1500,1.000000,0.000000,1.000000,0.000000
0xb2cc224c1c9fee385f8ad6a55b4d94e92359dc59,19,1755370148,86400,13317,6.696839e-05,120,500,1500,1.000000,0.000000,1.000000,0.000000
0xb2cc224c1c9fee385f8ad6a55b4d94e92359dc59,19,1755370148,86400,13317,6.696839e-05,120,1000,1500,1.000000,0.000000,1.000000,0.000000
0xb2cc224c1c9fee385f8ad6a55b4d94e92359dc59,19,1755370148,86400,13317,6.696839e-05,300,200,1500,1.000000,0.000000,1.000000,0.000000
0xb2cc224c1c9fee385f8ad6a55b4d94e92359dc59,19,1755370148,86400,13317,6.696839e-05,300,500,1500,1.000000,0.000000,1.000000,0.000000
0xb2cc224c1c9fee385f8ad6a55b4d94e92359dc59,19,1755370148,86400,13317,6.696839e-05,300,1000,1500,1.000000,0.000000,1.000000,0.000000
0xb2cc224c1c9fee385f8ad6a55b4d94e92359dc59,19,1755370148,86400,13317,6.696839e-05,600,200,1500,1.000000,0.000000,1.000000,0.000000
0xb2cc224c1c9fee385f8ad6a55b4d94e92359dc59,19,1755370148,86400,13317,6.696839e-05,600,500,1500,1.000000,0.000000,1.000000,0.000000
0xb2cc224c1c9fee385f8ad6a55b4d94e92359dc59,19,1755370148,86400,13317,6.696839e-05,600,1000,1500,1.000000,0.000000,1.000000,0.000000
0xb2cc224c1c9fee385f8ad6a55b4d94e92359dc59,19,1755370148,86400,13317,6.696839e-05,1800,200,1500,0.996819,0.041570,0.999948,-0.003130
0xb2cc224c1c9fee385f8ad6a55b4d94e92359dc59,19,1755370148,86400,13317,6.696839e-05,1800,500,1500,1.000000,0.000000,1.000000,0.000000
0xb2cc224c1c9fee385f8ad6a55b4d94e92359dc59,19,1755370148,86400,13317,6.696839e-05,1800,1000,1500,1.000000,0.000000,1.000000,0.000000
0xb2cc224c1c9fee385f8ad6a55b4d94e92359dc59,19,1755370148,86400,13317,6.696839e-05,3600,200,1500,0.992126,0.066494,0.997508,-0.005382
0xb2cc224c1c9fee385f8ad6a55b4d94e92359dc59,19,1755370148,86400,13317,6.696839e-05,3600,500,1500,1.000000,0.000000,1.000000,0.000000
0xb2cc224c1c9fee385f8ad6a55b4d94e92359dc59,19,1755370148,86400,13317,6.696839e-05,3600,1000,1500,1.000000,0.000000,1.000000,0.000000
0xb2cc224c1c9fee385f8ad6a55b4d94e92359dc59,19,1755370148,86400,13317,6.696839e-05,7200,200,1500,0.978687,0.107322,0.977111,0.001576
0xb2cc224c1c9fee385f8ad6a55b4d94e92359dc59,19,1755370148,86400,13317,6.696839e-05,7200,500,1500,1.000000,0.000000,0.999999,0.000001
0xb2cc224c1c9fee385f8ad6a55b4d94e92359dc59,19,1755370148,86400,13317,6.696839e-05,7200,1000,1500,1.000000,0.000000,1.000000,0.000000
0xb2cc224c1c9fee385f8ad6a55b4d94e92359dc59,19,1755370148,86400,13317,6.696839e-05,21600,200,1500,0.886755,0.229424,0.854563,0.032192
0xb2cc224c1c9fee385f8ad6a55b4d94e92359dc59,19,1755370148,86400,13317,6.696839e-05,21600,500,1500,1.000000,0.000000,0.997902,0.002098
0xb2cc224c1c9fee385f8ad6a55b4d94e92359dc59,19,1755370148,86400,13317,6.696839e-05,21600,1000,1500,1.000000,0.000000,1.000000,0.000000
0xb2cc224c1c9fee385f8ad6a55b4d94e92359dc59,19,1755370148,86400,13317,6.696839e-05,43200,200,1500,0.734383,0.298501,0.726457,0.007925
0xb2cc224c1c9fee385f8ad6a55b4d94e92359dc59,19,1755370148,86400,13317,6.696839e-05,43200,500,1500,0.999086,0.006307,0.979302,0.019784
0xb2cc224c1c9fee385f8ad6a55b4d94e92359dc59,19,1755370148,86400,13317,6.696839e-05,43200,1000,1500,1.000000,0.000000,0.999962,0.000038
0xb2cc224c1c9fee385f8ad6a55b4d94e92359dc59,20,1756453348,86400,19675,1.158099e-04,2,200,1500,1.000000,0.000000,1.000000,0.000000
0xb2cc224c1c9fee385f8ad6a55b4d94e92359dc59,20,1756453348,86400,19675,1.158099e-04,2,500,1500,1.000000,0.000000,1.000000,0.000000
0xb2cc224c1c9fee385f8ad6a55b4d94e92359dc59,20,1756453348,86400,19675,1.158099e-04,2,1000,1500,1.000000,0.000000,1.000000,0.000000
0xb2cc224c1c9fee385f8ad6a55b4d94e92359dc59,20,1756453348,86400,19675,1.158099e-04,10,200,1500,1.000000,0.000000,1.000000,0.000000
0xb2cc224c1c9fee385f8ad6a55b4d94e92359dc59,20,1756453348,86400,19675,1.158099e-04,10,500,1500,1.000000,0.000000,1.000000,0.000000
0xb2cc224c1c9fee385f8ad6a55b4d94e92359dc59,20,1756453348,86400,19675,1.158099e-04,10,1000,1500,1.000000,0.000000,1.000000,0.000000
0xb2cc224c1c9fee385f8ad6a55b4d94e92359dc59,20,1756453348,86400,19675,1.158099e-04,30,200,1500,1.000000,0.000000,1.000000,0.000000
0xb2cc224c1c9fee385f8ad6a55b4d94e92359dc59,20,1756453348,86400,19675,1.158099e-04,30,500,1500,1.000000,0.000000,1.000000,0.000000
0xb2cc224c1c9fee385f8ad6a55b4d94e92359dc59,20,1756453348,86400,19675,1.158099e-04,30,1000,1500,1.000000,0.000000,1.000000,0.000000
0xb2cc224c1c9fee385f8ad6a55b4d94e92359dc59,20,1756453348,86400,19675,1.158099e-04,60,200,1500,1.000000,0.000000,1.000000,0.000000
0xb2cc224c1c9fee385f8ad6a55b4d94e92359dc59,20,1756453348,86400,19675,1.158099e-04,60,500,1500,1.000000,0.000000,1.000000,0.000000
0xb2cc224c1c9fee385f8ad6a55b4d94e92359dc59,20,1756453348,86400,19675,1.158099e-04,60,1000,1500,1.000000,0.000000,1.000000,0.000000
0xb2cc224c1c9fee385f8ad6a55b4d94e92359dc59,20,1756453348,86400,19675,1.158099e-04,120,200,1500,0.999722,0.010755,1.000000,-0.000278
0xb2cc224c1c9fee385f8ad6a55b4d94e92359dc59,20,1756453348,86400,19675,1.158099e-04,120,500,1500,1.000000,0.000000,1.000000,0.000000
0xb2cc224c1c9fee385f8ad6a55b4d94e92359dc59,20,1756453348,86400,19675,1.158099e-04,120,1000,1500,1.000000,0.000000,1.000000,0.000000
0xb2cc224c1c9fee385f8ad6a55b4d94e92359dc59,20,1756453348,86400,19675,1.158099e-04,300,200,1500,0.999884,0.004144,1.000000,-0.000116
0xb2cc224c1c9fee385f8ad6a55b4d94e92359dc59,20,1756453348,86400,19675,1.158099e-04,300,500,1500,1.000000,0.000000,1.000000,0.000000
0xb2cc224c1c9fee385f8ad6a55b4d94e92359dc59,20,1756453348,86400,19675,1.158099e-04,300,1000,1500,1.000000,0.000000,1.000000,0.000000
0xb2cc224c1c9fee385f8ad6a55b4d94e92359dc59,20,1756453348,86400,19675,1.158099e-04,600,200,1500,0.996862,0.038545,0.999950,-0.003087
0xb2cc224c1c9fee385f8ad6a55b4d94e92359dc59,20,1756453348,86400,19675,1.158099e-04,600,500,1500,1.000000,0.000000,1.000000,0.000000
0xb2cc224c1c9fee385f8ad6a55b4d94e92359dc59,20,1756453348,86400,19675,1.158099e-04,600,1000,1500,1.000000,0.000000,1.000000,0.000000
0xb2cc224c1c9fee385f8ad6a55b4d94e92359dc59,20,1756453348,86400,19675,1.158099e-04,1800,200,1500,0.989479,0.054916,0.989602,-0.000123
0xb2cc224c1c9fee385f8ad6a55b4d94e92359dc59,20,1756453348,86400,19675,1.158099e-04,1800,500,1500,1.000000,0.000000,1.000000,0.000000
0xb2cc224c1c9fee385f8ad6a55b4d94e92359dc59,20,1756453348,86400,19675,1.158099e-04,1800,1000,1500,1.000000,0.000000,1.000000,0.000000
0xb2cc224c1c9fee385f8ad6a55b4d94e92359dc59,20,1756453348,86400,19675,1.158099e-04,3600,200,1500,0.975804,0.077043,0.946647,0.029157
0xb2cc224c1c9fee385f8ad6a55b4d94e92359dc59,20,1756453348,86400,19675,1.158099e-04,3600,500,1500,1.000000,0.000000,0.999963,0.000037
0xb2cc224c1c9fee385f8ad6a55b4d94e92359dc59,20,1756453348,86400,19675,1.158099e-04,3600,1000,1500,1.000000,0.000000,1.000000,0.000000
0xb2cc224c1c9fee385f8ad6a55b4d94e92359dc59,20,1756453348,86400,19675,1.158099e-04,7200,200,1500,0.933021,0.145145,0.855080,0.077941
0xb2cc224c1c9fee385f8ad6a55b4d94e92359dc59,20,1756453348,86400,19675,1.158099e-04,7200,500,1500,0.998870,0.009980,0.997931,0.000940
0xb2cc224c1c9fee385f8ad6a55b4d94e92359dc59,20,1756453348,86400,19675,1.158099e-04,7200,1000,1500,1.000000,0.000000,1.000000,0.000000
0xb2cc224c1c9fee385f8ad6a55b4d94e92359dc59,20,1756453348,86400,19675,1.158099e-04,21600,200,1500,0.821119,0.244224,0.645379,0.175739
0xb2cc224c1c9fee385f8ad6a55b4d94e92359dc59,20,1756453348,86400,19675,1.158099e-04,21600,500,1500,0.995413,0.027223,0.950509,0.044904
0xb2cc224c1c9fee385f8ad6a55b4d94e92359dc59,20,1756453348,86400,19675,1.158099e-04,21600,1000,1500,1.000000,0.000000,0.999486,0.000514
0xb2cc224c1c9fee385f8ad6a55b4d94e92359dc59,20,1756453348,86400,19675,1.158099e-04,43200,200,1500,0.793361,0.209694,0.509248,0.284113
0xb2cc224c1c9fee385f8ad6a55b4d94e92359dc59,20,1756453348,86400,19675,1.158099e-04,43200,500,1500,0.995978,0.025745,0.861708,0.134270
0xb2cc224c1c9fee385f8ad6a55b4d94e92359dc59,20,1756453348,86400,19675,1.158099e-04,43200,1000,1500,1.000000,0.000000,0.990827,0.009173
0xb2cc224c1c9fee385f8ad6a55b4d94e92359dc59,21,1757536547,86400,12650,9.600729e-05,2,200,1500,1.000000,0.000000,1.000000,0.000000
0xb2cc224c1c9fee385f8ad6a55b4d94e92359dc59,21,1757536547,86400,12650,9.600729e-05,2,500,1500,1.000000,0.000000,1.000000,0.000000
0xb2cc224c1c9fee385f8ad6a55b4d94e92359dc59,21,1757536547,86400,12650,9.600729e-05,2,1000,1500,1.000000,0.000000,1.000000,0.000000
0xb2cc224c1c9fee385f8ad6a55b4d94e92359dc59,21,1757536547,86400,12650,9.600729e-05,10,200,1500,1.000000,0.000000,1.000000,0.000000
0xb2cc224c1c9fee385f8ad6a55b4d94e92359dc59,21,1757536547,86400,12650,9.600729e-05,10,500,1500,1.000000,0.000000,1.000000,0.000000
0xb2cc224c1c9fee385f8ad6a55b4d94e92359dc59,21,1757536547,86400,12650,9.600729e-05,10,1000,1500,1.000000,0.000000,1.000000,0.000000
0xb2cc224c1c9fee385f8ad6a55b4d94e92359dc59,21,1757536547,86400,12650,9.600729e-05,30,200,1500,1.000000,0.000000,1.000000,0.000000
0xb2cc224c1c9fee385f8ad6a55b4d94e92359dc59,21,1757536547,86400,12650,9.600729e-05,30,500,1500,1.000000,0.000000,1.000000,0.000000
0xb2cc224c1c9fee385f8ad6a55b4d94e92359dc59,21,1757536547,86400,12650,9.600729e-05,30,1000,1500,1.000000,0.000000,1.000000,0.000000
0xb2cc224c1c9fee385f8ad6a55b4d94e92359dc59,21,1757536547,86400,12650,9.600729e-05,60,200,1500,1.000000,0.000000,1.000000,0.000000
0xb2cc224c1c9fee385f8ad6a55b4d94e92359dc59,21,1757536547,86400,12650,9.600729e-05,60,500,1500,1.000000,0.000000,1.000000,0.000000
0xb2cc224c1c9fee385f8ad6a55b4d94e92359dc59,21,1757536547,86400,12650,9.600729e-05,60,1000,1500,1.000000,0.000000,1.000000,0.000000
0xb2cc224c1c9fee385f8ad6a55b4d94e92359dc59,21,1757536547,86400,12650,9.600729e-05,120,200,1500,1.000000,0.000000,1.000000,0.000000
0xb2cc224c1c9fee385f8ad6a55b4d94e92359dc59,21,1757536547,86400,12650,9.600729e-05,120,500,1500,1.000000,0.000000,1.000000,0.000000
0xb2cc224c1c9fee385f8ad6a55b4d94e92359dc59,21,1757536547,86400,12650,9.600729e-05,120,1000,1500,1.000000,0.000000,1.000000,0.000000
0xb2cc224c1c9fee385f8ad6a55b4d94e92359dc59,21,1757536547,86400,12650,9.600729e-05,300,200,1500,0.998991,0.023508,1.000000,-0.001009
0xb2cc224c1c9fee385f8ad6a55b4d94e92359dc59,21,1757536547,86400,12650,9.600729e-05,300,500,1500,1.000000,0.000000,1.000000,0.000000
0xb2cc224c1c9fee385f8ad6a55b4d94e92359dc59,21,1757536547,86400,12650,9.600729e-05,300,1000,1500,1.000000,0.000000,1.000000,0.000000
0xb2cc224c1c9fee385f8ad6a55b4d94e92359dc59,21,1757536547,86400,12650,9.600729e-05,600,200,1500,0.998969,0.025796,0.999998,-0.001029
0xb2cc224c1c9fee385f8ad6a55b4d94e92359dc59,21,1757536547,86400,12650,9.600729e-05,600,500,1500,1.000000,0.000000,1.000000,0.000000
0xb2cc224c1c9fee385f8ad6a55b4d94e92359dc59,21,1757536547,86400,12650,9.600729e-05,600,1000,1500,1.000000,0.000000,1.000000,0.000000
0xb2cc224c1c9fee385f8ad6a55b4d94e92359dc59,21,1757536547,86400,12650,9.600729e-05,1800,200,1500,0.998608,0.025069,0.997214,0.001394
0xb2cc224c1c9fee385f8ad6a55b4d94e92359dc59,21,1757536547,86400,12650,9.600729e-05,1800,500,1500,1.000000,0.000000,1.000000,0.000000
0xb2cc224c1c9fee385f8ad6a55b4d94e92359dc59,21,1757536547,86400,12650,9.600729e-05,1800,1000,1500,1.000000,0.000000,1.000000,0.000000
0xb2cc224c1c9fee385f8ad6a55b4d94e92359dc59,21,1757536547,86400,12650,9.600729e-05,3600,200,1500,0.997627,0.024364,0.975561,0.022065
0xb2cc224c1c9fee385f8ad6a55b4d94e92359dc59,21,1757536547,86400,12650,9.600729e-05,3600,500,1500,1.000000,0.000000,0.999999,0.000001
0xb2cc224c1c9fee385f8ad6a55b4d94e92359dc59,21,1757536547,86400,12650,9.600729e-05,3600,1000,1500,1.000000,0.000000,1.000000,0.000000
0xb2cc224c1c9fee385f8ad6a55b4d94e92359dc59,21,1757536547,86400,12650,9.600729e-05,7200,200,1500,0.994498,0.044864,0.910498,0.083999
0xb2cc224c1c9fee385f8ad6a55b4d94e92359dc59,21,1757536547,86400,12650,9.600729e-05,7200,500,1500,1.000000,0.000000,0.999686,0.000314
0xb2cc224c1c9fee385f8ad6a55b4d94e92359dc59,21,1757536547,86400,12650,9.600729e-05,7200,1000,1500,1.000000,0.000000,1.000000,0.000000
0xb2cc224c1c9fee385f8ad6a55b4d94e92359dc59,21,1757536547,86400,12650,9.600729e-05,21600,200,1500,0.985894,0.054977,0.721026,0.264868
0xb2cc224c1c9fee385f8ad6a55b4d94e92359dc59,21,1757536547,86400,12650,9.600729e-05,21600,500,1500,1.000000,0.000000,0.977856,0.022144
0xb2cc224c1c9fee385f8ad6a55b4d94e92359dc59,21,1757536547,86400,12650,9.600729e-05,21600,1000,1500,1.000000,0.000000,0.999953,0.000047
0xb2cc224c1c9fee385f8ad6a55b4d94e92359dc59,21,1757536547,86400,12650,9.600729e-05,43200,200,1500,0.871293,0.182817,0.581598,0.289695
0xb2cc224c1c9fee385f8ad6a55b4d94e92359dc59,21,1757536547,86400,12650,9.600729e-05,43200,500,1500,1.000000,0.000000,0.915727,0.084273
0xb2cc224c1c9fee385f8ad6a55b4d94e92359dc59,21,1757536547,86400,12650,9.600729e-05,43200,1000,1500,1.000000,0.000000,0.997645,0.002355
0xb2cc224c1c9fee385f8ad6a55b4d94e92359dc59,22,1758619747,86400,13430,8.625037e-05,2,200,1500,1.000000,0.000000,1.000000,0.000000
0xb2cc224c1c9fee385f8ad6a55b4d94e92359dc59,22,1758619747,86400,13430,8.625037e-05,2,500,1500,1.000000,0.000000,1.000000,0.000000
0xb2cc224c1c9fee385f8ad6a55b4d94e92359dc59,22,1758619747,86400,13430,8.625037e-05,2,1000,1500,1.000000,0.000000,1.000000,0.000000
0xb2cc224c1c9fee385f8ad6a55b4d94e92359dc59,22,1758619747,86400,13430,8.625037e-05,10,200,1500,1.000000,0.000000,1.000000,0.000000
0xb2cc224c1c9fee385f8ad6a55b4d94e92359dc59,22,1758619747,86400,13430,8.625037e-05,10,500,1500,1.000000,0.000000,1.000000,0.000000
0xb2cc224c1c9fee385f8ad6a55b4d94e92359dc59,22,1758619747,86400,13430,8.625037e-05,10,1000,1500,1.000000,0.000000,1.000000,0.000000
0xb2cc224c1c9fee385f8ad6a55b4d94e92359dc59,22,1758619747,86400,13430,8.625037e-05,30,200,1500,1.000000,0.000000,1.000000,0.000000
0xb2cc224c1c9fee385f8ad6a55b4d94e92359dc59,22,1758619747,86400,13430,8.625037e-05,30,500,1500,1.000000,0.000000,1.000000,0.000000
0xb2cc224c1c9fee385f8ad6a55b4d94e92359dc59,22,1758619747,86400,13430,8.625037e-05,30,1000,1500,1.000000,0.000000,1.000000,0.000000
0xb2cc224c1c9fee385f8ad6a55b4d94e92359dc59,22,1758619747,86400,13430,8.625037e-05,60,200,1500,1.000000,0.000000,1.000000,0.000000
0xb2cc224c1c9fee385f8ad6a55b4d94e92359dc59,22,1758619747,86400,13430,8.625037e-05,60,500,1500,1.000000,0.000000,1.000000,0.000000
0xb2cc224c1c9fee385f8ad6a55b4d94e92359dc59,22,1758619747,86400,13430,8.625037e-05,60,1000,1500,1.000000,0.000000,1.000000,0.000000
0xb2cc224c1c9fee385f8ad6a55b4d94e92359dc59,22,1758619747,86400,13430,8.625037e-05,120,200,1500,1.000000,0.000000,1.000000,0.000000
0xb2cc224c1c9fee385f8ad6a55b4d94e92359dc59,22,1758619747,86400,13430,8.625037e-05,120,500,1500,1.000000,0.000000,1.000000,0.000000
0xb2cc224c1c9fee385f8ad6a55b4d94e92359dc59,22,1758619747,86400,13430,8.625037e-05,120,1000,1500,1.000000,0.000000,1.000000,0.000000
0xb2cc224c1c9fee385f8ad6a55b4d94e92359dc59,22,1758619747,86400,13430,8.625037e-05,300,200,1500,1.000000,0.000000,1.000000,0.000000
0xb2cc224c1c9fee385f8ad6a55b4d94e92359dc59,22,1758619747,86400,13430,8.625037e-05,300,500,1500,1.000000,0.000000,1.000000,0.000000
0xb2cc224c1c9fee385f8ad6a55b4d94e92359dc59,22,1758619747,86400,13430,8.625037e-05,300,1000,1500,1.000000,0.000000,1.000000,0.000000
0xb2cc224c1c9fee385f8ad6a55b4d94e92359dc59,22,1758619747,86400,13430,8.625037e-05,600,200,1500,0.999978,0.000620,1.000000,-0.000022
0xb2cc224c1c9fee385f8ad6a55b4d94e92359dc59,22,1758619747,86400,13430,8.625037e-05,600,500,1500,1.000000,0.000000,1.000000,0.000000
0xb2cc224c1c9fee385f8ad6a55b4d94e92359dc59,22,1758619747,86400,13430,8.625037e-05,600,1000,1500,1.000000,0.000000,1.000000,0.000000
0xb2cc224c1c9fee385f8ad6a55b4d94e92359dc59,22,1758619747,86400,13430,8.625037e-05,1800,200,1500,0.997798,0.022383,0.998922,-0.001124
0xb2cc224c1c9fee385f8ad6a55b4d94e92359dc59,22,1758619747,86400,13430,8.625037e-05,1800,500,1500,1.000000,0.000000,1.000000,0.000000
0xb2cc224c1c9fee385f8ad6a55b4d94e92359dc59,22,1758619747,86400,13430,8.625037e-05,1800,1000,1500,1.000000,0.000000,1.000000,0.000000
0xb2cc224c1c9fee385f8ad6a55b4d94e92359dc59,22,1758619747,86400,13430,8.625037e-05,3600,200,1500,0.991469,0.054004,0.985942,0.005527
0xb2cc224c1c9fee385f8ad6a55b4d94e92359dc59,22,1758619747,86400,13430,8.625037e-05,3600,500,1500,1.000000,0.000000,1.000000,0.000000
0xb2cc224c1c9fee385f8ad6a55b4d94e92359dc59,22,1758619747,86400,13430,8.625037e-05,3600,1000,1500,1.000000,0.000000,1.000000,0.000000
0xb2cc224c1c9fee385f8ad6a55b4d94e92359dc59,22,1758619747,86400,13430,8.625037e-05,7200,200,1500,0.986461,0.068651,0.936030,0.050431
0xb2cc224c1c9fee385f8ad6a55b4d94e92359dc59,22,1758619747,86400,13430,8.625037e-05,7200,500,1500,1.000000,0.000000,0.999921,0.000079
0xb2cc224c1c9fee385f8ad6a55b4d94e92359dc59,22,1758619747,86400,13430,8.625037e-05,7200,1000,1500,1.000000,0.000000,1.000000,0.000000
0xb2cc224c1c9fee385f8ad6a55b4d94e92359dc59,22,1758619747,86400,13430,8.625037e-05,21600,200,1500,0.953005,0.131372,0.763203,0.189802
0xb2cc224c1c9fee385f8ad6a55b4d94e92359dc59,22,1758619747,86400,13430,8.625037e-05,21600,500,1500,0.999936,0.000287,0.987479,0.012457
0xb2cc224c1c9fee385f8ad6a55b4d94e92359dc59,22,1758619747,86400,13430,8.625037e-05,21600,1000,1500,1.000000,0.000000,0.999992,0.000008
0xb2cc224c1c9fee385f8ad6a55b4d94e92359dc59,22,1758619747,86400,13430,8.625037e-05,43200,200,1500,0.950311,0.071509,0.624433,0.325879
0xb2cc224c1c9fee385f8ad6a55b4d94e92359dc59,22,1758619747,86400,13430,8.625037e-05,43200,500,1500,0.999951,0.000160,0.940344,0.059607
0xb2cc224c1c9fee385f8ad6a55b4d94e92359dc59,22,1758619747,86400,13430,8.625037e-05,43200,1000,1500,1.000000,0.000000,0.999118,0.000882
0xb2cc224c1c9fee385f8ad6a55b4d94e92359dc59,23,1759702947,86400,13420,7.384446e-05,2,200,1500,1.000000,0.000000,1.000000,0.000000
0xb2cc224c1c9fee385f8ad6a55b4d94e92359dc59,23,1759702947,86400,13420,7.384446e-05,2,500,1500,1.000000,0.000000,1.000000,0.000000
0xb2cc224c1c9fee385f8ad6a55b4d94e92359dc59,23,1759702947,86400,13420,7.384446e-05,2,1000,1500,1.000000,0.000000,1.000000,0.000000
0xb2cc224c1c9fee385f8ad6a55b4d94e92359dc59,23,1759702947,86400,13420,7.384446e-05,10,200,1500,1.000000,0.000000,1.000000,0.000000
0xb2cc224c1c9fee385f8ad6a55b4d94e92359dc59,23,1759702947,86400,13420,7.384446e-05,10,500,1500,1.000000,0.000000,1.000000,0.000000
0xb2cc224c1c9fee385f8ad6a55b4d94e92359dc59,23,1759702947,86400,13420,7.384446e-05,10,1000,1500,1.000000,0.000000,1.000000,0.000000
0xb2cc224c1c9fee385f8ad6a55b4d94e92359dc59,23,1759702947,86400,13420,7.384446e-05,30,200,1500,1.000000,0.000000,1.000000,0.000000
0xb2cc224c1c9fee385f8ad6a55b4d94e92359dc59,23,1759702947,86400,13420,7.384446e-05,30,500,1500,1.000000,0.000000,1.000000,0.000000
0xb2cc224c1c9fee385f8ad6a55b4d94e92359dc59,23,1759702947,86400,13420,7.384446e-05,30,1000,1500,1.000000,0.000000,1.000000,0.000000
0xb2cc224c1c9fee385f8ad6a55b4d94e92359dc59,23,1759702947,86400,13420,7.384446e-05,60,200,1500,1.000000,0.000000,1.000000,0.000000
0xb2cc224c1c9fee385f8ad6a55b4d94e92359dc59,23,1759702947,86400,13420,7.384446e-05,60,500,1500,1.000000,0.000000,1.000000,0.000000
0xb2cc224c1c9fee385f8ad6a55b4d94e92359dc59,23,1759702947,86400,13420,7.384446e-05,60,1000,1500,1.000000,0.000000,1.000000,0.000000
0xb2cc224c1c9fee385f8ad6a55b4d94e92359dc59,23,1759702947,86400,13420,7.384446e-05,120,200,1500,1.000000,0.000000,1.000000,0.000000
0xb2cc224c1c9fee385f8ad6a55b4d94e92359dc59,23,1759702947,86400,13420,7.384446e-05,120,500,1500,1.000000,0.000000,1.000000,0.000000
0xb2cc224c1c9fee385f8ad6a55b4d94e92359dc59,23,1759702947,86400,13420,7.384446e-05,120,1000,1500,1.000000,0.000000,1.000000,0.000000
0xb2cc224c1c9fee385f8ad6a55b4d94e92359dc59,23,1759702947,86400,13420,7.384446e-05,300,200,1500,1.000000,0.000000,1.000000,0.000000
0xb2cc224c1c9fee385f8ad6a55b4d94e92359dc59,23,1759702947,86400,13420,7.384446e-05,300,500,1500,1.000000,0.000000,1.000000,0.000000
0xb2cc224c1c9fee385f8ad6a55b4d94e92359dc59,23,1759702947,86400,13420,7.384446e-05,300,1000,1500,1.000000,0.000000,1.000000,0.000000
0xb2cc224c1c9fee385f8ad6a55b4d94e92359dc59,23,1759702947,86400,13420,7.384446e-05,600,200,1500,0.999991,0.000344,1.000000,-0.000009
0xb2cc224c1c9fee385f8ad6a55b4d94e92359dc59,23,1759702947,86400,13420,7.384446e-05,600,500,1500,1.000000,0.000000,1.000000,0.000000
0xb2cc224c1c9fee385f8ad6a55b4d94e92359dc59,23,1759702947,86400,13420,7.384446e-05,600,1000,1500,1.000000,0.000000,1.000000,0.000000
0xb2cc224c1c9fee385f8ad6a55b4d94e92359dc59,23,1759702947,86400,13420,7.384446e-05,1800,200,1500,0.999994,0.000229,0.999805,0.000189
0xb2cc224c1c9fee385f8ad6a55b4d94e92359dc59,23,1759702947,86400,13420,7.384446e-05,1800,500,1500,1.000000,0.000000,1.000000,0.000000
0xb2cc224c1c9fee385f8ad6a55b4d94e92359dc59,23,1759702947,86400,13420,7.384446e-05,1800,1000,1500,1.000000,0.000000,1.000000,0.000000
0xb2cc224c1c9fee385f8ad6a55b4d94e92359dc59,23,1759702947,86400,13420,7.384446e-05,3600,200,1500,0.997580,0.022081,0.994722,0.002858
0xb2cc224c1c9fee385f8ad6a55b4d94e92359dc59,23,1759702947,86400,13420,7.384446e-05,3600,500,1500,1.000000,0.000000,1.000000,0.000000
0xb2cc224c1c9fee385f8ad6a55b4d94e92359dc59,23,1759702947,86400,13420,7.384446e-05,3600,1000,1500,1.000000,0.000000,1.000000,0.000000
0xb2cc224c1c9fee385f8ad6a55b4d94e92359dc59,23,1759702947,86400,13420,7.384446e-05,7200,200,1500,0.980073,0.079409,0.964389,0.015685
0xb2cc224c1c9fee385f8ad6a55b4d94e92359dc59,23,1759702947,86400,13420,7.384446e-05,7200,500,1500,1.000000,0.000000,0.999994,0.000006
0xb2cc224c1c9fee385f8ad6a55b4d94e92359dc59,23,1759702947,86400,13420,7.384446e-05,7200,1000,1500,1.000000,0.000000,1.000000,0.000000
0xb2cc224c1c9fee385f8ad6a55b4d94e92359dc59,23,1759702947,86400,13420,7.384446e-05,21600,200,1500,0.920824,0.182788,0.821074,0.099750
0xb2cc224c1c9fee385f8ad6a55b4d94e92359dc59,23,1759702947,86400,13420,7.384446e-05,21600,500,1500,1.000000,0.000000,0.995445,0.004555
0xb2cc224c1c9fee385f8ad6a55b4d94e92359dc59,23,1759702947,86400,13420,7.384446e-05,21600,1000,1500,1.000000,0.000000,1.000000,0.000000
0xb2cc224c1c9fee385f8ad6a55b4d94e92359dc59,23,1759702947,86400,13420,7.384446e-05,43200,200,1500,0.759658,0.273498,0.687227,0.072431
0xb2cc224c1c9fee385f8ad6a55b4d94e92359dc59,23,1759702947,86400,13420,7.384446e-05,43200,500,1500,0.984350,0.037584,0.967361,0.016989
0xb2cc224c1c9fee385f8ad6a55b4d94e92359dc59,23,1759702947,86400,13420,7.384446e-05,43200,1000,1500,1.000000,0.000000,0.999850,0.000150
0x3f0296bf652e19bca772ec3df08b32732f93014a,1,1737216620,86400,17537,4.138329e-04,2,200,1500,1.000000,0.000000,1.000000,0.000000
0x3f0296bf652e19bca772ec3df08b32732f93014a,1,1737216620,86400,17537,4.138329e-04,2,500,1500,1.000000,0.000000,1.000000,0.000000
0x3f0296bf652e19bca772ec3df08b32732f93014a,1,1737216620,86400,17537,4.138329e-04,2,1000,1500,1.000000,0.000000,1.000000,0.000000
0x3f0296bf652e19bca772ec3df08b32732f93014a,1,1737216620,86400,17537,4.138329e-04,10,200,1500,0.999600,0.015487,1.000000,-0.000400
0x3f0296bf652e19bca772ec3df08b32732f93014a,1,1737216620,86400,17537,4.138329e-04,10,500,1500,1.000000,0.000000,1.000000,0.000000
0x3f0296bf652e19bca772ec3df08b32732f93014a,1,1737216620,86400,17537,4.138329e-04,10,1000,1500,1.000000,0.000000,1.000000,0.000000
0x3f0296bf652e19bca772ec3df08b32732f93014a,1,1737216620,86400,17537,4.138329e-04,30,200,1500,0.999733,0.007693,0.999999,-0.000266
0x3f0296bf652e19bca772ec3df08b32732f93014a,1,1737216620,86400,17537,4.138329e-04,30,500,1500,1.000000,0.000000,1.000000,0.000000
0x3f0296bf652e19bca772ec3df08b32732f93014a,1,1737216620,86400,17537,4.138329e-04,30,1000,1500,1.000000,0.000000,1.000000,0.000000
0x3f0296bf652e19bca772ec3df08b32732f93014a,1,1737216620,86400,17537,4.138329e-04,60,200,1500,0.999911,0.003442,0.999742,0.000169
0x3f0296bf652e19bca772ec3df08b32732f93014a,1,1737216620,86400,17537,4.138329e-04,60,500,1500,1.000000,0.000000,1.000000,0.000000
0x3f0296bf652e19bca772ec3df08b32732f93014a,1,1737216620,86400,17537,4.138329e-04,60,1000,1500,1.000000,0.000000,1.000000,0.000000
0x3f0296bf652e19bca772ec3df08b32732f93014a,1,1737216620,86400,17537,4.138329e-04,120,200,1500,0.999500,0.016053,0.993808,0.005692
0x3f0296bf652e19bca772ec3df08b32732f93014a,1,1737216620,86400,17537,4.138329e-04,120,500,1500,1.000000,0.000000,1.000000,0.000000
0x3f0296bf652e19bca772ec3df08b32732f93014a,1,1737216620,86400,17537,4.138329e-04,120,1000,1500,1.000000,0.000000,1.000000,0.000000
0x3f0296bf652e19bca772ec3df08b32732f93014a,1,1737216620,86400,17537,4.138329e-04,300,200,1500,0.995969,0.035167,0.940429,0.055540
0x3f0296bf652e19bca772ec3df08b32732f93014a,1,1737216620,86400,17537,4.138329e-04,300,500,1500,0.999987,0.000516,0.999941,0.000046
0x3f0296bf652e19bca772ec3df08b32732f93014a,1,1737216620,86400,17537,4.138329e-04,300,1000,1500,1.000000,0.000000,1.000000,0.000000
0x3f0296bf652e19bca772ec3df08b32732f93014a,1,1737216620,86400,17537,4.138329e-04,600,200,1500,0.979078,0.097965,0.844748,0.134330
0x3f0296bf652e19bca772ec3df08b32732f93014a,1,1737216620,86400,17537,4.138329e-04,600,500,1500,0.999347,0.014212,0.997315,0.002031
0x3f0296bf652e19bca772ec3df08b32732f93014a,1,1737216620,86400,17537,4.138329e-04,600,1000,1500,1.000000,0.000000,1.000000,0.000000
0x3f0296bf652e19bca772ec3df08b32732f93014a,1,1737216620,86400,17537,4.138329e-04,1800,200,1500,0.907501,0.198625,0.632828,0.274673
0x3f0296bf652e19bca772ec3df08b32732f93014a,1,1737216620,86400,17537,4.138329e-04,1800,500,1500,0.993646,0.048372,0.944562,0.049084
0x3f0296bf652e19bca772ec3df08b32732f93014a,1,1737216620,86400,17537,4.138329e-04,1800,1000,1500,1.000000,0.000000,0.999286,0.000714
0x3f0296bf652e19bca772ec3df08b32732f93014a,1,1737216620,86400,17537,4.138329e-04,3600,200,1500,0.818311,0.247672,0.497696,0.320615
0x3f0296bf652e19bca772ec3df08b32732f93014a,1,1737216620,86400,17537,4.138329e-04,3600,500,1500,0.976769,0.093937,0.851571,0.125198
0x3f0296bf652e19bca772ec3df08b32732f93014a,1,1737216620,86400,17537,4.138329e-04,3600,1000,1500,1.000000,0.000000,0.988916,0.011084
0x3f0296bf652e19bca772ec3df08b32732f93014a,1,1737216620,86400,17537,4.138329e-04,7200,200,1500,0.669197,0.296627,0.379445,0.289752
0x3f0296bf652e19bca772ec3df08b32732f93014a,1,1737216620,86400,17537,4.138329e-04,7200,500,1500,0.942984,0.123466,0.722844,0.220139
0x3f0296bf652e19bca772ec3df08b32732f93014a,1,1737216620,86400,17537,4.138329e-04,7200,1000,1500,0.999786,0.002818,0.944562,0.055224
0x3f0296bf652e19bca772ec3df08b32732f93014a,1,1737216620,86400,17537,4.138329e-04,21600,200,1500,0.417155,0.236221,0.236509,0.180646
0x3f0296bf652e19bca772ec3df08b32732f93014a,1,1737216620,86400,17537,4.138329e-04,21600,500,1500,0.739128,0.241616,0.505272,0.233856
0x3f0296bf652e19bca772ec3df08b32732f93014a,1,1737216620,86400,17537,4.138329e-04,21600,1000,1500,0.979332,0.054842,0.779018,0.200314
0x3f0296bf652e19bca772ec3df08b32732f93014a,1,1737216620,86400,17537,4.138329e-04,43200,200,1500,0.304181,0.176991,0.172420,0.131762
0x3f0296bf652e19bca772ec3df08b32732f93014a,1,1737216620,86400,17537,4.138329e-04,43200,500,1500,0.607900,0.230555,0.385822,0.222078
0x3f0296bf652e19bca772ec3df08b32732f93014a,1,1737216620,86400,17537,4.138329e-04,43200,1000,1500,0.916921,0.147820,0.641074,0.275847
0x3f0296bf652e19bca772ec3df08b32732f93014a,2,1738238726,86400,19729,4.717622e-04,2,200,1500,1.000000,0.000000,1.000000,0.000000
0x3f0296bf652e19bca772ec3df08b32732f93014a,2,1738238726,86400,19729,4.717622e-04,2,500,1500,1.000000,0.000000,1.000000,0.000000
0x3f0296bf652e19bca772ec3df08b32732f93014a,2,1738238726,86400,19729,4.717622e-04,2,1000,1500,1.000000,0.000000,1.000000,0.000000
0x3f0296bf652e19bca772ec3df08b32732f93014a,2,1738238726,86400,19729,4.717622e-04,10,200,1500,1.000000,0.000000,1.000000,0.000000
0x3f0296bf652e19bca772ec3df08b32732f93014a,2,1738238726,86400,19729,4.717622e-04,10,500,1500,0.999867,0.005162,1.000000,-0.000133
0x3f0296bf652e19bca772ec3df08b32732f93014a,2,1738238726,86400,19729,4.717622e-04,10,1000,1500,1.000000,0.000000,1.000000,0.000000
0x3f0296bf652e19bca772ec3df08b32732f93014a,2,1738238726,86400,19729,4.717622e-04,30,200,1500,0.999956,0.001721,0.999989,-0.000033
0x3f0296bf652e19bca772ec3df08b32732f93014a,2,1738238726,86400,19729,4.717622e-04,30,500,1500,0.999467,0.020649,1.000000,-0.000533
0x3f0296bf652e19bca772ec3df08b32732f93014a,2,1738238726,86400,19729,4.717622e-04,30,1000,1500,1.000000,0.000000,1.000000,0.000000
0x3f0296bf652e19bca772ec3df08b32732f93014a,2,1738238726,86400,19729,4.717622e-04,60,200,1500,0.999156,0.016125,0.998936,0.000219
0x3f0296bf652e19bca772ec3df08b32732f93014a,2,1738238726,86400,19729,4.717622e-04,60,500,1500,1.000000,0.000000,1.000000,0.000000
0x3f0296bf652e19bca772ec3df08b32732f93014a,2,1738238726,86400,19729,4.717622e-04,60,1000,1500,1.000000,0.000000,1.000000,0.000000
0x3f0296bf652e19bca772ec3df08b32732f93014a,2,1738238726,86400,19729,4.717622e-04,120,200,1500,0.996311,0.037885,0.986050,0.010262
0x3f0296bf652e19bca772ec3df08b32732f93014a,2,1738238726,86400,19729,4.717622e-04,120,500,1500,0.999933,0.002581,1.000000,-0.000067
0x3f0296bf652e19bca772ec3df08b32732f93014a,2,1738238726,86400,19729,4.717622e-04,120,1000,1500,1.000000,0.000000,1.000000,0.000000
0x3f0296bf652e19bca772ec3df08b32732f93014a,2,1738238726,86400,19729,4.717622e-04,300,200,1500,0.989609,0.068294,0.909709,0.079900
0x3f0296bf652e19bca772ec3df08b32732f93014a,2,1738238726,86400,19729,4.717622e-04,300,500,1500,0.997591,0.036059,0.999675,-0.002084
0x3f0296bf652e19bca772ec3df08b32732f93014a,2,1738238726,86400,19729,4.717622e-04,300,1000,1500,0.998520,0.029509,1.000000,-0.001480
0x3f0296bf652e19bca772ec3df08b32732f93014a,2,1738238726,86400,19729,4.717622e-04,600,200,1500,0.979773,0.093454,0.798276,0.181497
0x3f0296bf652e19bca772ec3df08b32732f93014a,2,1738238726,86400,19729,4.717622e-04,600,500,1500,0.992902,0.064283,0.992940,-0.000038
0x3f0296bf652e19bca772ec3df08b32732f93014a,2,1738238726,86400,19729,4.717622e-04,600,1000,1500,0.998140,0.029623,0.999999,-0.001859
0x3f0296bf652e19bca772ec3df08b32732f93014a,2,1738238726,86400,19729,4.717622e-04,1800,200,1500,0.914149,0.191957,0.580402,0.333747
0x3f0296bf652e19bca772ec3df08b32732f93014a,2,1738238726,86400,19729,4.717622e-04,1800,500,1500,0.983677,0.099467,0.914963,0.068714
0x3f0296bf652e19bca772ec3df08b32732f93014a,2,1738238726,86400,19729,4.717622e-04,1800,1000,1500,0.993690,0.059302,0.997585,-0.003895
0x3f0296bf652e19bca772ec3df08b32732f93014a,2,1738238726,86400,19729,4.717622e-04,3600,200,1500,0.838170,0.238621,0.450589,0.387581
0x3f0296bf652e19bca772ec3df08b32732f93014a,2,1738238726,86400,19729,4.717622e-04,3600,500,1500,0.968556,0.133767,0.805789,0.162767
0x3f0296bf652e19bca772ec3df08b32732f93014a,2,1738238726,86400,19729,4.717622e-04,3600,1000,1500,0.982974,0.096618,0.977526,0.005448
0x3f0296bf652e19bca772ec3df08b32732f93014a,2,1738238726,86400,19729,4.717622e-04,7200,200,1500,0.697070,0.283301,0.340354,0.356716
0x3f0296bf652e19bca772ec3df08b32732f93014a,2,1738238726,86400,19729,4.717622e-04,7200,500,1500,0.932315,0.181239,0.670102,0.262214
0x3f0296bf652e19bca772ec3df08b32732f93014a,2,1738238726,86400,19729,4.717622e-04,7200,1000,1500,0.963210,0.145341,0.914963,0.048247
0x3f0296bf652e19bca772ec3df08b32732f93014a,2,1738238726,86400,19729,4.717622e-04,21600,200,1500,0.550535,0.281274,0.210140,0.340394
0x3f0296bf652e19bca772ec3df08b32732f93014a,2,1738238726,86400,19729,4.717622e-04,21600,500,1500,0.861374,0.235062,0.457746,0.403629
0x3f0296bf652e19bca772ec3df08b32732f93014a,2,1738238726,86400,19729,4.717622e-04,21600,1000,1500,0.914703,0.220306,0.727952,0.186751
0x3f0296bf652e19bca772ec3df08b32732f93014a,2,1738238726,86400,19729,4.717622e-04,43200,200,1500,0.496040,0.211131,0.152623,0.343418
0x3f0296bf652e19bca772ec3df08b32732f93014a,2,1738238726,86400,19729,4.717622e-04,43200,500,1500,0.847913,0.204360,0.346234,0.501679
0x3f0296bf652e19bca772ec3df08b32732f93014a,2,1738238726,86400,19729,4.717622e-04,43200,1000,1500,0.930581,0.154741,0.588492,0.342089
0x3f0296bf652e19bca772ec3df08b32732f93014a,3,1739260832,86400,17373,4.385585e-04,2,200,1500,1.000000,0.000000,1.000000,0.000000
0x3f0296bf652e19bca772ec3df08b32732f93014a,3,1739260832,86400,17373,4.385585e-04,2,500,1500,1.000000,0.000000,1.000000,0.000000
0x3f0296bf652e19bca772ec3df08b32732f93014a,3,1739260832,86400,17373,4.385585e-04,2,1000,1500,1.000000,0.000000,1.000000,0.000000
0x3f0296bf652e19bca772ec3df08b32732f93014a,3,1739260832,86400,17373,4.385585e-04,10,200,1500,1.000000,0.000000,1.000000,0.000000
0x3f0296bf652e19bca772ec3df08b32732f93014a,3,1739260832,86400,17373,4.385585e-04,10,500,1500,1.000000,0.000000,1.000000,0.000000
0x3f0296bf652e19bca772ec3df08b32732f93014a,3,1739260832,86400,17373,4.385585e-04,10,1000,1500,1.000000,0.000000,1.000000,0.000000
0x3f0296bf652e19bca772ec3df08b32732f93014a,3,1739260832,86400,17373,4.385585e-04,30,200,1500,1.000000,0.000000,0.999997,0.000003
0x3f0296bf652e19bca772ec3df08b32732f93014a,3,1739260832,86400,17373,4.385585e-04,30,500,1500,1.000000,0.000000,1.000000,0.000000
0x3f0296bf652e19bca772ec3df08b32732f93014a,3,1739260832,86400,17373,4.385585e-04,30,1000,1500,1.000000,0.000000,1.000000,0.000000
0x3f0296bf652e19bca772ec3df08b32732f93014a,3,1739260832,86400,17373,4.385585e-04,60,200,1500,0.999956,0.001721,0.999498,0.000458
0x3f0296bf652e19bca772ec3df08b32732f93014a,3,1739260832,86400,17373,4.385585e-04,60,500,1500,1.000000,0.000000,1.000000,0.000000
0x3f0296bf652e19bca772ec3df08b32732f93014a,3,1739260832,86400,17373,4.385585e-04,60,1000,1500,1.000000,0.000000,1.000000,0.000000
0x3f0296bf652e19bca772ec3df08b32732f93014a,3,1739260832,86400,17373,4.385585e-04,120,200,1500,0.999256,0.012217,0.990945,0.008311
0x3f0296bf652e19bca772ec3df08b32732f93014a,3,1739260832,86400,17373,4.385585e-04,120,500,1500,1.000000,0.000000,1.000000,0.000000
0x3f0296bf652e19bca772ec3df08b32732f93014a,3,1739260832,86400,17373,4.385585e-04,120,1000,1500,1.000000,0.000000,1.000000,0.000000
0x3f0296bf652e19bca772ec3df08b32732f93014a,3,1739260832,86400,17373,4.385585e-04,300,200,1500,0.990044,0.067560,0.927708,0.062336
0x3f0296bf652e19bca772ec3df08b32732f93014a,3,1739260832,86400,17373,4.385585e-04,300,500,1500,1.000000,0.000000,0.999868,0.000132
0x3f0296bf652e19bca772ec3df08b32732f93014a,3,1739260832,86400,17373,4.385585e-04,300,1000,1500,1.000000,0.000000,1.000000,0.000000
0x3f0296bf652e19bca772ec3df08b32732f93014a,3,1739260832,86400,17373,4.385585e-04,600,200,1500,0.968873,0.115594,0.824700,0.144173
0x3f0296bf652e19bca772ec3df08b32732f93014a,3,1739260832,86400,17373,4.385585e-04,600,500,1500,0.999873,0.003497,0.995777,0.004097
0x3f0296bf652e19bca772ec3df08b32732f93014a,3,1739260832,86400,17373,4.385585e-04,600,1000,1500,1.000000,0.000000,1.000000,0.000000
0x3f0296bf652e19bca772ec3df08b32732f93014a,3,1739260832,86400,17373,4.385585e-04,1800,200,1500,0.878618,0.207674,0.609476,0.269141
0x3f0296bf652e19bca772ec3df08b32732f93014a,3,1739260832,86400,17373,4.385585e-04,1800,500,1500,0.990540,0.060979,0.932345,0.058195
0x3f0296bf652e19bca772ec3df08b32732f93014a,3,1739260832,86400,17373,4.385585e-04,1800,1000,1500,1.000000,0.000000,0.998735,0.001265
0x3f0296bf652e19bca772ec3df08b32732f93014a,3,1739260832,86400,17373,4.385585e-04,3600,200,1500,0.741774,0.254938,0.476495,0.265279
0x3f0296bf652e19bca772ec3df08b32732f93014a,3,1739260832,86400,17373,4.385585e-04,3600,500,1500,0.980096,0.078506,0.831856,0.148240
0x3f0296bf652e19bca772ec3df08b32732f93014a,3,1739260832,86400,17373,4.385585e-04,3600,1000,1500,0.999944,0.001387,0.984577,0.015367
0x3f0296bf652e19bca772ec3df08b32732f93014a,3,1739260832,86400,17373,4.385585e-04,7200,200,1500,0.615628,0.262364,0.361736,0.253892
0x3f0296bf652e19bca772ec3df08b32732f93014a,3,1739260832,86400,17373,4.385585e-04,7200,500,1500,0.933116,0.135425,0.699583,0.233533
0x3f0296bf652e19bca772ec3df08b32732f93014a,3,1739260832,86400,17373,4.385585e-04,7200,1000,1500,0.999524,0.005377,0.932345,0.067179
0x3f0296bf652e19bca772ec3df08b32732f93014a,3,1739260832,86400,17373,4.385585e-04,21600,200,1500,0.372140,0.210831,0.224491,0.147649
0x3f0296bf652e19bca772ec3df08b32732f93014a,3,1739260832,86400,17373,4.385585e-04,21600,500,1500,0.744718,0.227673,0.483893,0.260825
0x3f0296bf652e19bca772ec3df08b32732f93014a,3,1739260832,86400,17373,4.385585e-04,21600,1000,1500,0.979129,0.061089,0.756684,0.222445
0x3f0296bf652e19bca772ec3df08b32732f93014a,3,1739260832,86400,17373,4.385585e-04,43200,200,1500,0.277465,0.143981,0.163376,0.114089
0x3f0296bf652e19bca772ec3df08b32732f93014a,3,1739260832,86400,17373,4.385585e-04,43200,500,1500,0.592970,0.242039,0.367894,0.225077
0x3f0296bf652e19bca772ec3df08b32732f93014a,3,1739260832,86400,17373,4.385585e-04,43200,1000,1500,0.904720,0.137000,0.617671,0.287049
0x3f0296bf652e19bca772ec3df08b32732f93014a,4,1740282937,86400,10145,2.111157e-04,2,200,1500,1.000000,0.000000,1.000000,0.000000
0x3f0296bf652e19bca772ec3df08b32732f93014a,4,1740282937,86400,10145,2.111157e-04,2,500,1500,1.000000,0.000000,1.000000,0.000000
0x3f0296bf652e19bca772ec3df08b32732f93014a,4,1740282937,86400,10145,2.111157e-04,2,1000,1500,1.000000,0.000000,1.000000,0.000000
0x3f0296bf652e19bca772ec3df08b32732f93014a,4,1740282937,86400,10145,2.111157e-04,10,200,1500,1.000000,0.000000,1.000000,0.000000
0x3f0296bf652e19bca772ec3df08b32732f93014a,4,1740282937,86400,10145,2.111157e-04,10,500,1500,1.000000,0.000000,1.000000,0.000000
0x3f0296bf652e19bca772ec3df08b32732f93014a,4,1740282937,86400,10145,2.111157e-04,10,1000,1500,1.000000,0.000000,1.000000,0.000000
0x3f0296bf652e19bca772ec3df08b32732f93014a,4,1740282937,86400,10145,2.111157e-04,30,200,1500,1.000000,0.000000,1.000000,0.000000
0x3f0296bf652e19bca772ec3df08b32732f93014a,4,1740282937,86400,10145,2.111157e-04,30,500,1500,1.000000,0.000000,1.000000,0.000000
0x3f0296bf652e19bca772ec3df08b32732f93014a,4,1740282937,86400,10145,2.111157e-04,30,1000,1500,1.000000,0.000000,1.000000,0.000000
0x3f0296bf652e19bca772ec3df08b32732f93014a,4,1740282937,86400,10145,2.111157e-04,60,200,1500,1.000000,0.000000,1.000000,0.000000
0x3f0296bf652e19bca772ec3df08b32732f93014a,4,1740282937,86400,10145,2.111157e-04,60,500,1500,1.000000,0.000000,1.000000,0.000000
0x3f0296bf652e19bca772ec3df08b32732f93014a,4,1740282937,86400,10145,2.111157e-04,60,1000,1500,1.000000,0.000000,1.000000,0.000000
0x3f0296bf652e19bca772ec3df08b32732f93014a,4,1740282937,86400,10145,2.111157e-04,120,200,1500,0.999500,0.013107,0.999999,-0.000499
0x3f0296bf652e19bca772ec3df08b32732f93014a,4,1740282937,86400,10145,2.111157e-04,120,500,1500,1.000000,0.000000,1.000000,0.000000
0x3f0296bf652e19bca772ec3df08b32732f93014a,4,1740282937,86400,10145,2.111157e-04,120,1000,1500,1.000000,0.000000,1.000000,0.000000
0x3f0296bf652e19bca772ec3df08b32732f93014a,4,1740282937,86400,10145,2.111157e-04,300,200,1500,0.998791,0.021180,0.998929,-0.000138
0x3f0296bf652e19bca772ec3df08b32732f93014a,4,1740282937,86400,10145,2.111157e-04,300,500,1500,1.000000,0.000000,1.000000,0.000000
0x3f0296bf652e19bca772ec3df08b32732f93014a,4,1740282937,86400,10145,2.111157e-04,300,1000,1500,1.000000,0.000000,1.000000,0.000000
0x3f0296bf652e19bca772ec3df08b32732f93014a,4,1740282937,86400,10145,2.111157e-04,600,200,1500,0.994198,0.057775,0.985999,0.008199
0x3f0296bf652e19bca772ec3df08b32732f93014a,4,1740282937,86400,10145,2.111157e-04,600,500,1500,1.000000,0.000000,1.000000,0.000000
0x3f0296bf652e19bca772ec3df08b32732f93014a,4,1740282937,86400,10145,2.111157e-04,600,1000,1500,1.000000,0.000000,1.000000,0.000000
0x3f0296bf652e19bca772ec3df08b32732f93014a,4,1740282937,86400,10145,2.111157e-04,1800,200,1500,0.970304,0.116564,0.884061,0.086243
0x3f0296bf652e19bca772ec3df08b32732f93014a,4,1740282937,86400,10145,2.111157e-04,1800,500,1500,0.998262,0.020084,0.999124,-0.000862
0x3f0296bf652e19bca772ec3df08b32732f93014a,4,1740282937,86400,10145,2.111157e-04,1800,1000,1500,1.000000,0.000000,1.000000,0.000000
0x3f0296bf652e19bca772ec3df08b32732f93014a,4,1740282937,86400,10145,2.111157e-04,3600,200,1500,0.918750,0.181668,0.763485,0.155265
0x3f0296bf652e19bca772ec3df08b32732f93014a,4,1740282937,86400,10145,2.111157e-04,3600,500,1500,0.992377,0.061966,0.987531,0.004846
0x3f0296bf652e19bca772ec3df08b32732f93014a,4,1740282937,86400,10145,2.111157e-04,3600,1000,1500,1.000000,0.000000,0.999992,0.000008
0x3f0296bf652e19bca772ec3df08b32732f93014a,4,1740282937,86400,10145,2.111157e-04,7200,200,1500,0.826535,0.251803,0.624726,0.201809
0x3f0296bf652e19bca772ec3df08b32732f93014a,4,1740282937,86400,10145,2.111157e-04,7200,500,1500,0.976596,0.108600,0.940495,0.036101
0x3f0296bf652e19bca772ec3df08b32732f93014a,4,1740282937,86400,10145,2.111157e-04,7200,1000,1500,0.999833,0.002038,0.999124,0.000709
0x3f0296bf652e19bca772ec3df08b32732f93014a,4,1740282937,86400,10145,2.111157e-04,21600,200,1500,0.663872,0.291427,0.419275,0.244597
0x3f0296bf652e19bca772ec3df08b32732f93014a,4,1740282937,86400,10145,2.111157e-04,21600,500,1500,0.896700,0.167892,0.771346,0.125354
0x3f0296bf652e19bca772ec3df08b32732f93014a,4,1740282937,86400,10145,2.111157e-04,21600,1000,1500,0.996102,0.013590,0.965821,0.030282
0x3f0296bf652e19bca772ec3df08b32732f93014a,4,1740282937,86400,10145,2.111157e-04,43200,200,1500,0.510903,0.293871,0.314860,0.196044
0x3f0296bf652e19bca772ec3df08b32732f93014a,4,1740282937,86400,10145,2.111157e-04,43200,500,1500,0.758635,0.226973,0.632957,0.125678
0x3f0296bf652e19bca772ec3df08b32732f93014a,4,1740282937,86400,10145,2.111157e-04,43200,1000,1500,0.977522,0.045747,0.890039,0.087483
0x3f0296bf652e19bca772ec3df08b32732f93014a,5,1741305043,86400,12014,3.629900e-04,2,200,1500,1.000000,0.000000,1.000000,0.000000
0x3f0296bf652e19bca772ec3df08b32732f93014a,5,1741305043,86400,12014,3.629900e-04,2,500,1500,1.000000,0.000000,1.000000,0.000000
0x3f0296bf652e19bca772ec3df08b32732f93014a,5,1741305043,86400,12014,3.629900e-04,2,1000,1500,1.000000,0.000000,1.000000,0.000000
0x3f0296bf652e19bca772ec3df08b32732f93014a,5,1741305043,86400,12014,3.629900e-04,10,200,1500,1.000000,0.000000,1.000000,0.000000
0x3f0296bf652e19bca772ec3df08b32732f93014a,5,1741305043,86400,12014,3.629900e-04,10,500,1500,1.000000,0.000000,1.000000,0.000000
0x3f0296bf652e19bca772ec3df08b32732f93014a,5,1741305043,86400,12014,3.629900e-04,10,1000,1500,1.000000,0.000000,1.000000,0.000000
0x3f0296bf652e19bca772ec3df08b32732f93014a,5,1741305043,86400,12014,3.629900e-04,30,200,1500,1.000000,0.000000,1.000000,0.000000
0x3f0296bf652e19bca772ec3df08b32732f93014a,5,1741305043,86400,12014,3.629900e-04,30,500,1500,1.000000,0.000000,1.000000,0.000000
0x3f0296bf652e19bca772ec3df08b32732f93014a,5,1741305043,86400,12014,3.629900e-04,30,1000,1500,1.000000,0.000000,1.000000,0.000000
0x3f0296bf652e19bca772ec3df08b32732f93014a,5,1741305043,86400,12014,3.629900e-04,60,200,1500,0.999956,0.001721,0.999956,-0.000000
0x3f0296bf652e19bca772ec3df08b32732f93014a,5,1741305043,86400,12014,3.629900e-04,60,500,1500,1.000000,0.000000,1.000000,0.000000
0x3f0296bf652e19bca772ec3df08b32732f93014a,5,1741305043,86400,12014,3.629900e-04,60,1000,1500,1.000000,0.000000,1.000000,0.000000
0x3f0296bf652e19bca772ec3df08b32732f93014a,5,1741305043,86400,12014,3.629900e-04,120,200,1500,0.999889,0.003547,0.997717,0.002172
0x3f0296bf652e19bca772ec3df08b32732f93014a,5,1741305043,86400,12014,3.629900e-04,120,500,1500,1.000000,0.000000,1.000000,0.000000
0x3f0296bf652e19bca772ec3df08b32732f93014a,5,1741305043,86400,12014,3.629900e-04,120,1000,1500,1.000000,0.000000,1.000000,0.000000
0x3f0296bf652e19bca772ec3df08b32732f93014a,5,1741305043,86400,12014,3.629900e-04,300,200,1500,0.999200,0.009309,0.963879,0.035321
0x3f0296bf652e19bca772ec3df08b32732f93014a,5,1741305043,86400,12014,3.629900e-04,300,500,1500,1.000000,0.000000,0.999993,0.000007
0x3f0296bf652e19bca772ec3df08b32732f93014a,5,1741305043,86400,12014,3.629900e-04,300,1000,1500,1.000000,0.000000,1.000000,0.000000
0x3f0296bf652e19bca772ec3df08b32732f93014a,5,1741305043,86400,12014,3.629900e-04,600,200,1500,0.998647,0.012428,0.886228,0.112419
0x3f0296bf652e19bca772ec3df08b32732f93014a,5,1741305043,86400,12014,3.629900e-04,600,500,1500,1.000000,0.000000,0.999186,0.000814
0x3f0296bf652e19bca772ec3df08b32732f93014a,5,1741305043,86400,12014,3.629900e-04,600,1000,1500,1.000000,0.000000,1.000000,0.000000
0x3f0296bf652e19bca772ec3df08b32732f93014a,5,1741305043,86400,12014,3.629900e-04,1800,200,1500,0.980390,0.075977,0.685858,0.294532
0x3f0296bf652e19bca772ec3df08b32732f93014a,5,1741305043,86400,12014,3.629900e-04,1800,500,1500,1.000000,0.000000,0.966880,0.033120
0x3f0296bf652e19bca772ec3df08b32732f93014a,5,1741305043,86400,12014,3.629900e-04,1800,1000,1500,1.000000,0.000000,0.999843,0.000157
0x3f0296bf652e19bca772ec3df08b32732f93014a,5,1741305043,86400,12014,3.629900e-04,3600,200,1500,0.941173,0.145273,0.547336,0.393837
0x3f0296bf652e19bca772ec3df08b32732f93014a,5,1741305043,86400,12014,3.629900e-04,3600,500,1500,0.999999,0.000029,0.892151,0.107849
0x3f0296bf652e19bca772ec3df08b32732f93014a,5,1741305043,86400,12014,3.629900e-04,3600,1000,1500,1.000000,0.000000,0.995331,0.004669
0x3f0296bf652e19bca772ec3df08b32732f93014a,5,1741305043,86400,12014,3.629900e-04,7200,200,1500,0.853055,0.221810,0.421723,0.431332
0x3f0296bf652e19bca772ec3df08b32732f93014a,5,1741305043,86400,12014,3.629900e-04,7200,500,1500,0.998311,0.013480,0.774155,0.224155
0x3f0296bf652e19bca772ec3df08b32732f93014a,5,1741305043,86400,12014,3.629900e-04,7200,1000,1500,1.000000,0.000000,0.966880,0.033120
0x3f0296bf652e19bca772ec3df08b32732f93014a,5,1741305043,86400,12014,3.629900e-04,21600,200,1500,0.653939,0.295233,0.265723,0.388217
0x3f0296bf652e19bca772ec3df08b32732f93014a,5,1741305043,86400,12014,3.629900e-04,21600,500,1500,0.946744,0.116628,0.555258,0.391486
0x3f0296bf652e19bca772ec3df08b32732f93014a,5,1741305043,86400,12014,3.629900e-04,21600,1000,1500,1.000000,0.000000,0.827095,0.172905
0x3f0296bf652e19bca772ec3df08b32732f93014a,5,1741305043,86400,12014,3.629900e-04,43200,200,1500,0.495693,0.277363,0.194553,0.301140
0x3f0296bf652e19bca772ec3df08b32732f93014a,5,1741305043,86400,12014,3.629900e-04,43200,500,1500,0.808109,0.208164,0.428584,0.379525
0x3f0296bf652e19bca772ec3df08b32732f93014a,5,1741305043,86400,12014,3.629900e-04,43200,1000,1500,0.999365,0.003698,0.694097,0.305268
0x3f0296bf652e19bca772ec3df08b32732f93014a,6,1742327149,86400,10543,3.266316e-04,2,200,1500,1.000000,0.000000,1.000000,0.000000
0x3f0296bf652e19bca772ec3df08b32732f93014a,6,1742327149,86400,10543,3.266316e-04,2,500,1500,1.000000,0.000000,1.000000,0.000000
0x3f0296bf652e19bca772ec3df08b32732f93014a,6,1742327149,86400,10543,3.266316e-04,2,1000,1500,1.000000,0.000000,1.000000,0.000000
0x3f0296bf652e19bca772ec3df08b32732f93014a,6,1742327149,86400,10543,3.266316e-04,10,200,1500,1.000000,0.000000,1.000000,0.000000
0x3f0296bf652e19bca772ec3df08b32732f93014a,6,1742327149,86400,10543,3.266316e-04,10,500,1500,1.000000,0.000000,1.000000,0.000000
0x3f0296bf652e19bca772ec3df08b32732f93014a,6,1742327149,86400,10543,3.266316e-04,10,1000,1500,1.000000,0.000000,1.000000,0.000000
0x3f0296bf652e19bca772ec3df08b32732f93014a,6,1742327149,86400,10543,3.266316e-04,30,200,1500,1.000000,0.000000,1.000000,0.000000
0x3f0296bf652e19bca772ec3df08b32732f93014a,6,1742327149,86400,10543,3.266316e-04,30,500,1500,1.000000,0.000000,1.000000,0.000000
0x3f0296bf652e19bca772ec3df08b32732f93014a,6,1742327149,86400,10543,3.266316e-04,30,1000,1500,1.000000,0.000000,1.000000,0.000000
0x3f0296bf652e19bca772ec3df08b32732f93014a,6,1742327149,86400,10543,3.266316e-04,60,200,1500,1.000000,0.000000,0.999992,0.000008
0x3f0296bf652e19bca772ec3df08b32732f93014a,6,1742327149,86400,10543,3.266316e-04,60,500,1500,1.000000,0.000000,1.000000,0.000000
0x3f0296bf652e19bca772ec3df08b32732f93014a,6,1742327149,86400,10543,3.266316e-04,60,1000,1500,1.000000,0.000000,1.000000,0.000000
0x3f0296bf652e19bca772ec3df08b32732f93014a,6,1742327149,86400,10543,3.266316e-04,120,200,1500,0.999967,0.001291,0.999135,0.000831
0x3f0296bf652e19bca772ec3df08b32732f93014a,6,1742327149,86400,10543,3.266316e-04,120,500,1500,1.000000,0.000000,1.000000,0.000000
0x3f0296bf652e19bca772ec3df08b32732f93014a,6,1742327149,86400,10543,3.266316e-04,120,1000,1500,1.000000,0.000000,1.000000,0.000000
0x3f0296bf652e19bca772ec3df08b32732f93014a,6,1742327149,86400,10543,3.266316e-04,300,200,1500,0.997747,0.032756,0.977598,0.020149
0x3f0296bf652e19bca772ec3df08b32732f93014a,6,1742327149,86400,10543,3.266316e-04,300,500,1500,1.000000,0.000000,0.999999,0.000001
0x3f0296bf652e19bca772ec3df08b32732f93014a,6,1742327149,86400,10543,3.266316e-04,300,1000,1500,1.000000,0.000000,1.000000,0.000000
0x3f0296bf652e19bca772ec3df08b32732f93014a,6,1742327149,86400,10543,3.266316e-04,600,200,1500,0.988438,0.065769,0.915129,0.073308
0x3f0296bf652e19bca772ec3df08b32732f93014a,6,1742327149,86400,10543,3.266316e-04,600,500,1500,0.999876,0.002908,0.999747,0.000129
0x3f0296bf652e19bca772ec3df08b32732f93014a,6,1742327149,86400,10543,3.266316e-04,600,1000,1500,1.000000,0.000000,1.000000,0.000000
0x3f0296bf652e19bca772ec3df08b32732f93014a,6,1742327149,86400,10543,3.266316e-04,1800,200,1500,0.946218,0.144180,0.728213,0.218004
0x3f0296bf652e19bca772ec3df08b32732f93014a,6,1742327149,86400,10543,3.266316e-04,1800,500,1500,0.995582,0.038547,0.979756,0.015826
0x3f0296bf652e19bca772ec3df08b32732f93014a,6,1742327149,86400,10543,3.266316e-04,1800,1000,1500,1.000000,0.000000,0.999965,0.000035
0x3f0296bf652e19bca772ec3df08b32732f93014a,6,1742327149,86400,10543,3.266316e-04,3600,200,1500,0.875412,0.207182,0.588754,0.286658
0x3f0296bf652e19bca772ec3df08b32732f93014a,6,1742327149,86400,10543,3.266316e-04,3600,500,1500,0.986718,0.061196,0.920208,0.066510
0x3f0296bf652e19bca772ec3df08b32732f93014a,6,1742327149,86400,10543,3.266316e-04,3600,1000,1500,1.000000,0.000000,0.997981,0.002019
0x3f0296bf652e19bca772ec3df08b32732f93014a,6,1742327149,86400,10543,3.266316e-04,7200,200,1500,0.787550,0.253921,0.457978,0.329573
0x3f0296bf652e19bca772ec3df08b32732f93014a,6,1742327149,86400,10543,3.266316e-04,7200,500,1500,0.973938,0.075467,0.813447,0.160491
0x3f0296bf652e19bca772ec3df08b32732f93014a,6,1742327149,86400,10543,3.266316e-04,7200,1000,1500,1.000000,0.000000,0.979756,0.020244
0x3f0296bf652e19bca772ec3df08b32732f93014a,6,1742327149,86400,10543,3.266316e-04,21600,200,1500,0.660670,0.274808,0.291411,0.369260
0x3f0296bf652e19bca772ec3df08b32732f93014a,6,1742327149,86400,10543,3.266316e-04,21600,500,1500,0.933239,0.145342,0.596879,0.336360
0x3f0296bf652e19bca772ec3df08b32732f93014a,6,1742327149,86400,10543,3.266316e-04,21600,1000,1500,0.997758,0.022646,0.862619,0.135139
0x3f0296bf652e19bca772ec3df08b32732f93014a,6,1742327149,86400,10543,3.266316e-04,43200,200,1500,0.576062,0.277788,0.214197,0.361865
0x3f0296bf652e19bca772ec3df08b32732f93014a,6,1742327149,86400,10543,3.266316e-04,43200,500,1500,0.905982,0.192551,0.465206,0.440776
0x3f0296bf652e19bca772ec3df08b32732f93014a,6,1742327149,86400,10543,3.266316e-04,43200,1000,1500,0.990820,0.058176,0.736307,0.254512
0x3f0296bf652e19bca772ec3df08b32732f93014a,7,1743349255,86400,9059,2.986010e-04,2,200,1500,1.000000,0.000000,1.000000,0.000000
0x3f0296bf652e19bca772ec3df08b32732f93014a,7,1743349255,86400,9059,2.986010e-04,2,500,1500,1.000000,0.000000,1.000000,0.000000
0x3f0296bf652e19bca772ec3df08b32732f93014a,7,1743349255,86400,9059,2.986010e-04,2,1000,1500,1.000000,0.000000,1.000000,0.000000
0x3f0296bf652e19bca772ec3df08b32732f93014a,7,1743349255,86400,9059,2.986010e-04,10,200,1500,0.999733,0.010325,1.000000,-0.000267
0x3f0296bf652e19bca772ec3df08b32732f93014a,7,1743349255,86400,9059,2.986010e-04,10,500,1500,1.000000,0.000000,1.000000,0.000000
0x3f0296bf652e19bca772ec3df08b32732f93014a,7,1743349255,86400,9059,2.986010e-04,10,1000,1500,1.000000,0.000000,1.000000,0.000000
0x3f0296bf652e19bca772ec3df08b32732f93014a,7,1743349255,86400,9059,2.986010e-04,30,200,1500,1.000000,0.000000,1.000000,0.000000
0x3f0296bf652e19bca772ec3df08b32732f93014a,7,1743349255,86400,9059,2.986010e-04,30,500,1500,1.000000,0.000000,1.000000,0.000000
0x3f0296bf652e19bca772ec3df08b32732f93014a,7,1743349255,86400,9059,2.986010e-04,30,1000,1500,1.000000,0.000000,1.000000,0.000000
0x3f0296bf652e19bca772ec3df08b32732f93014a,7,1743349255,86400,9059,2.986010e-04,60,200,1500,0.999956,0.001721,0.999999,-0.000043
0x3f0296bf652e19bca772ec3df08b32732f93014a,7,1743349255,86400,9059,2.986010e-04,60,500,1500,1.000000,0.000000,1.000000,0.000000
0x3f0296bf652e19bca772ec3df08b32732f93014a,7,1743349255,86400,9059,2.986010e-04,60,1000,1500,1.000000,0.000000,1.000000,0.000000
0x3f0296bf652e19bca772ec3df08b32732f93014a,7,1743349255,86400,9059,2.986010e-04,120,200,1500,0.999956,0.001721,0.999672,0.000284
0x3f0296bf652e19bca772ec3df08b32732f93014a,7,1743349255,86400,9059,2.986010e-04,120,500,1500,1.000000,0.000000,1.000000,0.000000
0x3f0296bf652e19bca772ec3df08b32732f93014a,7,1743349255,86400,9059,2.986010e-04,120,1000,1500,1.000000,0.000000,1.000000,0.000000
0x3f0296bf652e19bca772ec3df08b32732f93014a,7,1743349255,86400,9059,2.986010e-04,300,200,1500,0.999871,0.001582,0.985989,0.013882
0x3f0296bf652e19bca772ec3df08b32732f93014a,7,1743349255,86400,9059,2.986010e-04,300,500,1500,1.000000,0.000000,1.000000,0.000000
0x3f0296bf652e19bca772ec3df08b32732f93014a,7,1743349255,86400,9059,2.986010e-04,300,1000,1500,1.000000,0.000000,1.000000,0.000000
0x3f0296bf652e19bca772ec3df08b32732f93014a,7,1743349255,86400,9059,2.986010e-04,600,200,1500,0.999896,0.001737,0.936159,0.063736
0x3f0296bf652e19bca772ec3df08b32732f93014a,7,1743349255,86400,9059,2.986010e-04,600,500,1500,1.000000,0.000000,0.999921,0.000079
0x3f0296bf652e19bca772ec3df08b32732f93014a,7,1743349255,86400,9059,2.986010e-04,600,1000,1500,1.000000,0.000000,1.000000,0.000000
0x3f0296bf652e19bca772ec3df08b32732f93014a,7,1743349255,86400,9059,2.986010e-04,1800,200,1500,0.998326,0.016228,0.763435,0.234891
0x3f0296bf652e19bca772ec3df08b32732f93014a,7,1743349255,86400,9059,2.986010e-04,1800,500,1500,0.999999,0.000057,0.987522,0.012476
0x3f0296bf652e19bca772ec3df08b32732f93014a,7,1743349255,86400,9059,2.986010e-04,1800,1000,1500,1.000000,0.000000,0.999992,0.000008
0x3f0296bf652e19bca772ec3df08b32732f93014a,7,1743349255,86400,9059,2.986010e-04,3600,200,1500,0.974679,0.075277,0.624674,0.350005
0x3f0296bf652e19bca772ec3df08b32732f93014a,7,1743349255,86400,9059,2.986010e-04,3600,500,1500,0.999977,0.000212,0.940468,0.059509
0x3f0296bf652e19bca772ec3df08b32732f93014a,7,1743349255,86400,9059,2.986010e-04,3600,1000,1500,1.000000,0.000000,0.999123,0.000877
0x3f0296bf652e19bca772ec3df08b32732f93014a,7,1743349255,86400,9059,2.986010e-04,7200,200,1500,0.907504,0.167913,0.490251,0.417253
0x3f0296bf652e19bca772ec3df08b32732f93014a,7,1743349255,86400,9059,2.986010e-04,7200,500,1500,0.999973,0.000165,0.844813,0.155160
0x3f0296bf652e19bca772ec3df08b32732f93014a,7,1743349255,86400,9059,2.986010e-04,7200,1000,1500,1.000000,0.000000,0.987522,0.012478
0x3f0296bf652e19bca772ec3df08b32732f93014a,7,1743349255,86400,9059,2.986010e-04,21600,200,1500,0.733067,0.220713,0.314825,0.418241
0x3f0296bf652e19bca772ec3df08b32732f93014a,7,1743349255,86400,9059,2.986010e-04,21600,500,1500,0.992841,0.028717,0.632905,0.359936
0x3f0296bf652e19bca772ec3df08b32732f93014a,7,1743349255,86400,9059,2.986010e-04,21600,1000,1500,1.000000,0.000000,0.890002,0.109998
0x3f0296bf652e19bca772ec3df08b32732f93014a,7,1743349255,86400,9059,2.986010e-04,43200,200,1500,0.576009,0.267889,0.232259,0.343749
0x3f0296bf652e19bca772ec3df08b32732f93014a,7,1743349255,86400,9059,2.986010e-04,43200,500,1500,0.932542,0.093923,0.497766,0.434776
0x3f0296bf652e19bca772ec3df08b32732f93014a,7,1743349255,86400,9059,2.986010e-04,43200,1000,1500,1.000000,0.000000,0.771296,0.228704
0x3f0296bf652e19bca772ec3df08b32732f93014a,8,1744371360,86400,14401,3.614195e-04,2,200,1500,1.000000,0.000000,1.000000,0.000000
0x3f0296bf652e19bca772ec3df08b32732f93014a,8,1744371360,86400,14401,3.614195e-04,2,500,1500,1.000000,0.000000,1.000000,0.000000
0x3f0296bf652e19bca772ec3df08b32732f93014a,8,1744371360,86400,14401,3.614195e-04,2,1000,1500,1.000000,0.000000,1.000000,0.000000
0x3f0296bf652e19bca772ec3df08b32732f93014a,8,1744371360,86400,14401,3.614195e-04,10,200,1500,1.000000,0.000000,1.000000,0.000000
0x3f0296bf652e19bca772ec3df08b32732f93014a,8,1744371360,86400,14401,3.614195e-04,10,500,1500,1.000000,0.000000,1.000000,0.000000
0x3f0296bf652e19bca772ec3df08b32732f93014a,8,1744371360,86400,14401,3.614195e-04,10,1000,1500,1.000000,0.000000,1.000000,0.000000
0x3f0296bf652e19bca772ec3df08b32732f93014a,8,1744371360,86400,14401,3.614195e-04,30,200,1500,1.000000,0.000000,1.000000,0.000000
0x3f0296bf652e19bca772ec3df08b32732f93014a,8,1744371360,86400,14401,3.614195e-04,30,500,1500,1.000000,0.000000,1.000000,0.000000
0x3f0296bf652e19bca772ec3df08b32732f93014a,8,1744371360,86400,14401,3.614195e-04,30,1000,1500,1.000000,0.000000,1.000000,0.000000
0x3f0296bf652e19bca772ec3df08b32732f93014a,8,1744371360,86400,14401,3.614195e-04,60,200,1500,1.000000,0.000000,0.999959,0.000041
0x3f0296bf652e19bca772ec3df08b32732f93014a,8,1744371360,86400,14401,3.614195e-04,60,500,1500,1.000000,0.000000,1.000000,0.000000
0x3f0296bf652e19bca772ec3df08b32732f93014a,8,1744371360,86400,14401,3.614195e-04,60,1000,1500,1.000000,0.000000,1.000000,0.000000
0x3f0296bf652e19bca772ec3df08b32732f93014a,8,1744371360,86400,14401,3.614195e-04,120,200,1500,0.999411,0.014951,0.997799,0.001612
0x3f0296bf652e19bca772ec3df08b32732f93014a,8,1744371360,86400,14401,3.614195e-04,120,500,1500,1.000000,0.000000,1.000000,0.000000
0x3f0296bf652e19bca772ec3df08b32732f93014a,8,1744371360,86400,14401,3.614195e-04,120,1000,1500,1.000000,0.000000,1.000000,0.000000
0x3f0296bf652e19bca772ec3df08b32732f93014a,8,1744371360,86400,14401,3.614195e-04,300,200,1500,0.992707,0.052675,0.964531,0.028176
0x3f0296bf652e19bca772ec3df08b32732f93014a,8,1744371360,86400,14401,3.614195e-04,300,500,1500,1.000000,0.000000,0.999994,0.000006
0x3f0296bf652e19bca772ec3df08b32732f93014a,8,1744371360,86400,14401,3.614195e-04,300,1000,1500,1.000000,0.000000,1.000000,0.000000
0x3f0296bf652e19bca772ec3df08b32732f93014a,8,1744371360,86400,14401,3.614195e-04,600,200,1500,0.973318,0.101053,0.887499,0.085819
0x3f0296bf652e19bca772ec3df08b32732f93014a,8,1744371360,86400,14401,3.614195e-04,600,500,1500,0.999958,0.001279,0.999221,0.000736
0x3f0296bf652e19bca772ec3df08b32732f93014a,8,1744371360,86400,14401,3.614195e-04,600,1000,1500,1.000000,0.000000,1.000000,0.000000
0x3f0296bf652e19bca772ec3df08b32732f93014a,8,1744371360,86400,14401,3.614195e-04,1800,200,1500,0.889569,0.201734,0.687610,0.201959
0x3f0296bf652e19bca772ec3df08b32732f93014a,8,1744371360,86400,14401,3.614195e-04,1800,500,1500,0.992807,0.050770,0.967495,0.025312
0x3f0296bf652e19bca772ec3df08b32732f93014a,8,1744371360,86400,14401,3.614195e-04,1800,1000,1500,1.000000,0.000000,0.999852,0.000148
0x3f0296bf652e19bca772ec3df08b32732f93014a,8,1744371360,86400,14401,3.614195e-04,3600,200,1500,0.791523,0.268189,0.549015,0.242508
0x3f0296bf652e19bca772ec3df08b32732f93014a,8,1744371360,86400,14401,3.614195e-04,3600,500,1500,0.977770,0.092358,0.893389,0.084381
0x3f0296bf652e19bca772ec3df08b32732f93014a,8,1744371360,86400,14401,3.614195e-04,3600,1000,1500,1.000000,0.000000,0.995477,0.004523
0x3f0296bf652e19bca772ec3df08b32732f93014a,8,1744371360,86400,14401,3.614195e-04,7200,200,1500,0.632141,0.307034,0.423175,0.208967
0x3f0296bf652e19bca772ec3df08b32732f93014a,8,1744371360,86400,14401,3.614195e-04,7200,500,1500,0.923732,0.154200,0.775811,0.147921
0x3f0296bf652e19bca772ec3df08b32732f93014a,8,1744371360,86400,14401,3.614195e-04,7200,1000,1500,0.996266,0.032708,0.967495,0.028771
0x3f0296bf652e19bca772ec3df08b32732f93014a,8,1744371360,86400,14401,3.614195e-04,21600,200,1500,0.499486,0.289509,0.266739,0.232747
0x3f0296bf652e19bca772ec3df08b32732f93014a,8,1744371360,86400,14401,3.614195e-04,21600,500,1500,0.810864,0.253471,0.556946,0.253917
0x3f0296bf652e19bca772ec3df08b32732f93014a,8,1744371360,86400,14401,3.614195e-04,21600,1000,1500,0.958525,0.115026,0.828617,0.129908
0x3f0296bf652e19bca772ec3df08b32732f93014a,8,1744371360,86400,14401,3.614195e-04,43200,200,1500,0.426500,0.276827,0.195327,0.231173
0x3f0296bf652e19bca772ec3df08b32732f93014a,8,1744371360,86400,14401,3.614195e-04,43200,500,1500,0.687001,0.307725,0.430051,0.256950
0x3f0296bf652e19bca772ec3df08b32732f93014a,8,1744371360,86400,14401,3.614195e-04,43200,1000,1500,0.941667,0.132502,0.695845,0.245822
0x3f0296bf652e19bca772ec3df08b32732f93014a,9,1745393466,86400,15023,3.733752e-04,2,200,1500,1.000000,0.000000,1.000000,0.000000
0x3f0296bf652e19bca772ec3df08b32732f93014a,9,1745393466,86400,15023,3.733752e-04,2,500,1500,1.000000,0.000000,1.000000,0.000000
0x3f0296bf652e19bca772ec3df08b32732f93014a,9,1745393466,86400,15023,3.733752e-04,2,1000,1500,1.000000,0.000000,1.000000,0.000000
0x3f0296bf652e19bca772ec3df08b32732f93014a,9,1745393466,86400,15023,3.733752e-04,10,200,1500,1.000000,0.000000,1.000000,0.000000
0x3f0296bf652e19bca772ec3df08b32732f93014a,9,1745393466,86400,15023,3.733752e-04,10,500,1500,1.000000,0.000000,1.000000,0.000000
0x3f0296bf652e19bca772ec3df08b32732f93014a,9,1745393466,86400,15023,3.733752e-04,10,1000,1500,1.000000,0.000000,1.000000,0.000000
0x3f0296bf652e19bca772ec3df08b32732f93014a,9,1745393466,86400,15023,3.733752e-04,30,200,1500,1.000000,0.000000,1.000000,0.000000
0x3f0296bf652e19bca772ec3df08b32732f93014a,9,1745393466,86400,15023,3.733752e-04,30,500,1500,1.000000,0.000000,1.000000,0.000000
0x3f0296bf652e19bca772ec3df08b32732f93014a,9,1745393466,86400,15023,3.733752e-04,30,1000,1500,1.000000,0.000000,1.000000,0.000000
0x3f0296bf652e19bca772ec3df08b32732f93014a,9,1745393466,86400,15023,3.733752e-04,60,200,1500,0.999956,0.001721,0.999933,0.000022
0x3f0296bf652e19bca772ec3df08b32732f93014a,9,1745393466,86400,15023,3.733752e-04,60,500,1500,1.000000,0.000000,1.000000,0.000000
0x3f0296bf652e19bca772ec3df08b32732f93014a,9,1745393466,86400,15023,3.733752e-04,60,1000,1500,1.000000,0.000000,1.000000,0.000000
0x3f0296bf652e19bca772ec3df08b32732f93014a,9,1745393466,86400,15023,3.733752e-04,120,200,1500,0.997967,0.028495,0.997119,0.000848
0x3f0296bf652e19bca772ec3df08b32732f93014a,9,1745393466,86400,15023,3.733752e-04,120,500,1500,1.000000,0.000000,1.000000,0.000000
0x3f0296bf652e19bca772ec3df08b32732f93014a,9,1745393466,86400,15023,3.733752e-04,120,1000,1500,1.000000,0.000000,1.000000,0.000000
0x3f0296bf652e19bca772ec3df08b32732f93014a,9,1745393466,86400,15023,3.733752e-04,300,200,1500,0.994960,0.043163,0.959448,0.035512
0x3f0296bf652e19bca772ec3df08b32732f93014a,9,1745393466,86400,15023,3.733752e-04,300,500,1500,1.000000,0.000000,0.999989,0.000011
0x3f0296bf652e19bca772ec3df08b32732f93014a,9,1745393466,86400,15023,3.733752e-04,300,1000,1500,1.000000,0.000000,1.000000,0.000000
0x3f0296bf652e19bca772ec3df08b32732f93014a,9,1745393466,86400,15023,3.733752e-04,600,200,1500,0.978018,0.096227,0.877792,0.100226
0x3f0296bf652e19bca772ec3df08b32732f93014a,9,1745393466,86400,15023,3.733752e-04,600,500,1500,0.998864,0.016898,0.998925,-0.000060
0x3f0296bf652e19bca772ec3df08b32732f93014a,9,1745393466,86400,15023,3.733752e-04,600,1000,1500,1.000000,0.000000,1.000000,0.000000
0x3f0296bf652e19bca772ec3df08b32732f93014a,9,1745393466,86400,15023,3.733752e-04,1800,200,1500,0.916139,0.180678,0.674452,0.241687
0x3f0296bf652e19bca772ec3df08b32732f93014a,9,1745393466,86400,15023,3.733752e-04,1800,500,1500,0.994603,0.043866,0.962687,0.031916
0x3f0296bf652e19bca772ec3df08b32732f93014a,9,1745393466,86400,15023,3.733752e-04,1800,1000,1500,0.999965,0.000970,0.999776,0.000189
0x3f0296bf652e19bca772ec3df08b32732f93014a,9,1745393466,86400,15023,3.733752e-04,3600,200,1500,0.833794,0.235274,0.536467,0.297327
0x3f0296bf652e19bca772ec3df08b32732f93014a,9,1745393466,86400,15023,3.733752e-04,3600,500,1500,0.978931,0.098175,0.883925,0.095007
0x3f0296bf652e19bca772ec3df08b32732f93014a,9,1745393466,86400,15023,3.733752e-04,3600,1000,1500,0.999226,0.006673,0.994290,0.004936
0x3f0296bf652e19bca772ec3df08b32732f93014a,9,1745393466,86400,15023,3.733752e-04,7200,200,1500,0.681523,0.275507,0.412363,0.269160
0x3f0296bf652e19bca772ec3df08b32732f93014a,9,1745393466,86400,15023,3.733752e-04,7200,500,1500,0.961340,0.133357,0.763307,0.198033
0x3f0296bf652e19bca772ec3df08b32732f93014a,9,1745393466,86400,15023,3.733752e-04,7200,1000,1500,0.992986,0.044668,0.962687,0.030299
0x3f0296bf652e19bca772ec3df08b32732f93014a,9,1745393466,86400,15023,3.733752e-04,21600,200,1500,0.428528,0.236472,0.259189,0.169339
0x3f0296bf652e19bca772ec3df08b32732f93014a,9,1745393466,86400,15023,3.733752e-04,21600,500,1500,0.773699,0.236982,0.544322,0.229377
0x3f0296bf652e19bca772ec3df08b32732f93014a,9,1745393466,86400,15023,3.733752e-04,21600,1000,1500,0.960132,0.115711,0.817078,0.143054
0x3f0296bf652e19bca772ec3df08b32732f93014a,9,1745393466,86400,15023,3.733752e-04,43200,200,1500,0.296240,0.205875,0.189583,0.106656
0x3f0296bf652e19bca772ec3df08b32732f93014a,9,1745393466,86400,15023,3.733752e-04,43200,500,1500,0.554482,0.260357,0.419122,0.135361
0x3f0296bf652e19bca772ec3df08b32732f93014a,9,1745393466,86400,15023,3.733752e-04,43200,1000,1500,0.825941,0.168441,0.682707,0.143234
0x3f0296bf652e19bca772ec3df08b32732f93014a,10,1746415572,86400,17916,3.006863e-04,2,200,1500,1.000000,0.000000,1.000000,0.000000
0x3f0296bf652e19bca772ec3df08b32732f93014a,10,1746415572,86400,17916,3.006863e-04,2,500,1500,1.000000,0.000000,1.000000,0.000000
0x3f0296bf652e19bca772ec3df08b32732f93014a,10,1746415572,86400,17916,3.006863e-04,2,1000,1500,1.000000,0.000000,1.000000,0.000000
0x3f0296bf652e19bca772ec3df08b32732f93014a,10,1746415572,86400,17916,3.006863e-04,10,200,1500,1.000000,0.000000,1.000000,0.000000
0x3f0296bf652e19bca772ec3df08b32732f93014a,10,1746415572,86400,17916,3.006863e-04,10,500,1500,1.000000,0.000000,1.000000,0.000000
0x3f0296bf652e19bca772ec3df08b32732f93014a,10,1746415572,86400,17916,3.006863e-04,10,1000,1500,1.000000,0.000000,1.000000,0.000000
0x3f0296bf652e19bca772ec3df08b32732f93014a,10,1746415572,86400,17916,3.006863e-04,30,200,1500,1.000000,0.000000,1.000000,0.000000
0x3f0296bf652e19bca772ec3df08b32732f93014a,10,1746415572,86400,17916,3.006863e-04,30,500,1500,1.000000,0.000000,1.000000,0.000000
0x3f0296bf652e19bca772ec3df08b32732f93014a,10,1746415572,86400,17916,3.006863e-04,30,1000,1500,1.000000,0.000000,1.000000,0.000000
0x3f0296bf652e19bca772ec3df08b32732f93014a,10,1746415572,86400,17916,3.006863e-04,60,200,1500,1.000000,0.000000,0.999998,0.000002
0x3f0296bf652e19bca772ec3df08b32732f93014a,10,1746415572,86400,17916,3.006863e-04,60,500,1500,1.000000,0.000000,1.000000,0.000000
0x3f0296bf652e19bca772ec3df08b32732f93014a,10,1746415572,86400,17916,3.006863e-04,60,1000,1500,1.000000,0.000000,1.000000,0.000000
0x3f0296bf652e19bca772ec3df08b32732f93014a,10,1746415572,86400,17916,3.006863e-04,120,200,1500,0.999911,0.002720,0.999645,0.000267
0x3f0296bf652e19bca772ec3df08b32732f93014a,10,1746415572,86400,17916,3.006863e-04,120,500,1500,1.000000,0.000000,1.000000,0.000000
0x3f0296bf652e19bca772ec3df08b32732f93014a,10,1746415572,86400,17916,3.006863e-04,120,1000,1500,1.000000,0.000000,1.000000,0.000000
0x3f0296bf652e19bca772ec3df08b32732f93014a,10,1746415572,86400,17916,3.006863e-04,300,200,1500,0.997373,0.029887,0.985436,0.011938
0x3f0296bf652e19bca772ec3df08b32732f93014a,10,1746415572,86400,17916,3.006863e-04,300,500,1500,0.999956,0.001721,1.000000,-0.000044
0x3f0296bf652e19bca772ec3df08b32732f93014a,10,1746415572,86400,17916,3.006863e-04,300,1000,1500,1.000000,0.000000,1.000000,0.000000
0x3f0296bf652e19bca772ec3df08b32732f93014a,10,1746415572,86400,17916,3.006863e-04,600,200,1500,0.986589,0.063973,0.934649,0.051940
0x3f0296bf652e19bca772ec3df08b32732f93014a,10,1746415572,86400,17916,3.006863e-04,600,500,1500,0.999944,0.001290,0.999913,0.000031
0x3f0296bf652e19bca772ec3df08b32732f93014a,10,1746415572,86400,17916,3.006863e-04,600,1000,1500,1.000000,0.000000,1.000000,0.000000
0x3f0296bf652e19bca772ec3df08b32732f93014a,10,1746415572,86400,17916,3.006863e-04,1800,200,1500,0.910966,0.173269,0.760740,0.150226
0x3f0296bf652e19bca772ec3df08b32732f93014a,10,1746415572,86400,17916,3.006863e-04,1800,500,1500,0.996425,0.035017,0.987014,0.009411
0x3f0296bf652e19bca772ec3df08b32732f93014a,10,1746415572,86400,17916,3.006863e-04,1800,1000,1500,1.000000,0.000000,0.999991,0.000009
0x3f0296bf652e19bca772ec3df08b32732f93014a,10,1746415572,86400,17916,3.006863e-04,3600,200,1500,0.787200,0.242238,0.621872,0.165329
0x3f0296bf652e19bca772ec3df08b32732f93014a,10,1746415572,86400,17916,3.006863e-04,3600,500,1500,0.982736,0.086591,0.939019,0.043716
0x3f0296bf652e19bca772ec3df08b32732f93014a,10,1746415572,86400,17916,3.006863e-04,3600,1000,1500,1.000000,0.000000,0.999060,0.000940
0x3f0296bf652e19bca772ec3df08b32732f93014a,10,1746415572,86400,17916,3.006863e-04,7200,200,1500,0.650328,0.274473,0.487703,0.162625
0x3f0296bf652e19bca772ec3df08b32732f93014a,10,1746415572,86400,17916,3.006863e-04,7200,500,1500,0.958494,0.123975,0.842459,0.116036
0x3f0296bf652e19bca772ec3df08b32732f93014a,10,1746415572,86400,17916,3.006863e-04,7200,1000,1500,0.999135,0.011053,0.987014,0.012121
0x3f0296bf652e19bca772ec3df08b32732f93014a,10,1746415572,86400,17916,3.006863e-04,21600,200,1500,0.416782,0.224133,0.312956,0.103825
0x3f0296bf652e19bca772ec3df08b32732f93014a,10,1746415572,86400,17916,3.006863e-04,21600,500,1500,0.772379,0.237407,0.630097,0.142282
0x3f0296bf652e19bca772ec3df08b32732f93014a,10,1746415572,86400,17916,3.006863e-04,21600,1000,1500,0.965705,0.099916,0.887981,0.077724
0x3f0296bf652e19bca772ec3df08b32732f93014a,10,1746415572,86400,17916,3.006863e-04,43200,200,1500,0.293814,0.185969,0.230812,0.063002
0x3f0296bf652e19bca772ec3df08b32732f93014a,10,1746415572,86400,17916,3.006863e-04,43200,500,1500,0.592017,0.277746,0.495197,0.096820
0x3f0296bf652e19bca772ec3df08b32732f93014a,10,1746415572,86400,17916,3.006863e-04,43200,1000,1500,0.887416,0.183788,0.768623,0.118793
0x3f0296bf652e19bca772ec3df08b32732f93014a,11,1747437678,86400,13878,1.678593e-04,2,200,1500,1.000000,0.000000,1.000000,0.000000
0x3f0296bf652e19bca772ec3df08b32732f93014a,11,1747437678,86400,13878,1.678593e-04,2,500,1500,1.000000,0.000000,1.000000,0.000000
0x3f0296bf652e19bca772ec3df08b32732f93014a,11,1747437678,86400,13878,1.678593e-04,2,1000,1500,1.000000,0.000000,1.000000,0.000000
0x3f0296bf652e19bca772ec3df08b32732f93014a,11,1747437678,86400,13878,1.678593e-04,10,200,1500,1.000000,0.000000,1.000000,0.000000
0x3f0296bf652e19bca772ec3df08b32732f93014a,11,1747437678,86400,13878,1.678593e-04,10,500,1500,1.000000,0.000000,1.000000,0.000000
0x3f0296bf652e19bca772ec3df08b32732f93014a,11,1747437678,86400,13878,1.678593e-04,10,1000,1500,1.000000,0.000000,1.000000,0.000000
0x3f0296bf652e19bca772ec3df08b32732f93014a,11,1747437678,86400,13878,1.678593e-04,30,200,1500,1.000000,0.000000,1.000000,0.000000
0x3f0296bf652e19bca772ec3df08b32732f93014a,11,1747437678,86400,13878,1.678593e-04,30,500,1500,1.000000,0.000000,1.000000,0.000000
0x3f0296bf652e19bca772ec3df08b32732f93014a,11,1747437678,86400,13878,1.678593e-04,30,1000,1500,1.000000,0.000000,1.000000,0.000000
0x3f0296bf652e19bca772ec3df08b32732f93014a,11,1747437678,86400,13878,1.678593e-04,60,200,1500,1.000000,0.000000,1.000000,0.000000
0x3f0296bf652e19bca772ec3df08b32732f93014a,11,1747437678,86400,13878,1.678593e-04,60,500,1500,1.000000,0.000000,1.000000,0.000000
0x3f0296bf652e19bca772ec3df08b32732f93014a,11,1747437678,86400,13878,1.678593e-04,60,1000,1500,1.000000,0.000000,1.000000,0.000000
0x3f0296bf652e19bca772ec3df08b32732f93014a,11,1747437678,86400,13878,1.678593e-04,120,200,1500,1.000000,0.000000,1.000000,0.000000
0x3f0296bf652e19bca772ec3df08b32732f93014a,11,1747437678,86400,13878,1.678593e-04,120,500,1500,1.000000,0.000000,1.000000,0.000000
0x3f0296bf652e19bca772ec3df08b32732f93014a,11,1747437678,86400,13878,1.678593e-04,120,1000,1500,1.000000,0.000000,1.000000,0.000000
0x3f0296bf652e19bca772ec3df08b32732f93014a,11,1747437678,86400,13878,1.678593e-04,300,200,1500,1.000000,0.000000,0.999928,0.000072
0x3f0296bf652e19bca772ec3df08b32732f93014a,11,1747437678,86400,13878,1.678593e-04,300,500,1500,1.000000,0.000000,1.000000,0.000000
0x3f0296bf652e19bca772ec3df08b32732f93014a,11,1747437678,86400,13878,1.678593e-04,300,1000,1500,1.000000,0.000000,1.000000,0.000000
0x3f0296bf652e19bca772ec3df08b32732f93014a,11,1747437678,86400,13878,1.678593e-04,600,200,1500,1.000000,0.000000,0.996995,0.003005
0x3f0296bf652e19bca772ec3df08b32732f93014a,11,1747437678,86400,13878,1.678593e-04,600,500,1500,1.000000,0.000000,1.000000,0.000000
0x3f0296bf652e19bca772ec3df08b32732f93014a,11,1747437678,86400,13878,1.678593e-04,600,1000,1500,1.000000,0.000000,1.000000,0.000000
0x3f0296bf652e19bca772ec3df08b32732f93014a,11,1747437678,86400,13878,1.678593e-04,1800,200,1500,0.994413,0.035104,0.941756,0.052657
0x3f0296bf652e19bca772ec3df08b32732f93014a,11,1747437678,86400,13878,1.678593e-04,1800,500,1500,1.000000,0.000000,0.999946,0.000054
0x3f0296bf652e19bca772ec3df08b32732f93014a,11,1747437678,86400,13878,1.678593e-04,1800,1000,1500,1.000000,0.000000,1.000000,0.000000
0x3f0296bf652e19bca772ec3df08b32732f93014a,11,1747437678,86400,13878,1.678593e-04,3600,200,1500,0.959368,0.103728,0.846920,0.112448
0x3f0296bf652e19bca772ec3df08b32732f93014a,11,1747437678,86400,13878,1.678593e-04,3600,500,1500,1.000000,0.000000,0.997454,0.002546
0x3f0296bf652e19bca772ec3df08b32732f93014a,11,1747437678,86400,13878,1.678593e-04,3600,1000,1500,1.000000,0.000000,1.000000,0.000000
0x3f0296bf652e19bca772ec3df08b32732f93014a,11,1747437678,86400,13878,1.678593e-04,7200,200,1500,0.904730,0.162140,0.717272,0.187457
0x3f0296bf652e19bca772ec3df08b32732f93014a,11,1747437678,86400,13878,1.678593e-04,7200,500,1500,1.000000,0.000014,0.976819,0.023181
0x3f0296bf652e19bca772ec3df08b32732f93014a,11,1747437678,86400,13878,1.678593e-04,7200,1000,1500,1.000000,0.000000,0.999946,0.000054
0x3f0296bf652e19bca772ec3df08b32732f93014a,11,1747437678,86400,13878,1.678593e-04,21600,200,1500,0.778621,0.240684,0.500086,0.278535
0x3f0296bf652e19bca772ec3df08b32732f93014a,11,1747437678,86400,13878,1.678593e-04,21600,500,1500,0.991883,0.039236,0.853703,0.138180
0x3f0296bf652e19bca772ec3df08b32732f93014a,11,1747437678,86400,13878,1.678593e-04,21600,1000,1500,1.000000,0.000000,0.989336,0.010664
0x3f0296bf652e19bca772ec3df08b32732f93014a,11,1747437678,86400,13878,1.678593e-04,43200,200,1500,0.634550,0.286722,0.381454,0.253096
0x3f0296bf652e19bca772ec3df08b32732f93014a,11,1747437678,86400,13878,1.678593e-04,43200,500,1500,0.953516,0.104702,0.725417,0.228099
0x3f0296bf652e19bca772ec3df08b32732f93014a,11,1747437678,86400,13878,1.678593e-04,43200,1000,1500,0.999158,0.006399,0.945832,0.053325
0x3f0296bf652e19bca772ec3df08b32732f93014a,12,1748459783,86400,17110,2.604628e-04,2,200,1500,1.000000,0.000000,1.000000,0.000000
0x3f0296bf652e19bca772ec3df08b32732f93014a,12,1748459783,86400,17110,2.604628e-04,2,500,1500,1.000000,0.000000,1.000000,0.000000
0x3f0296bf652e19bca772ec3df08b32732f93014a,12,1748459783,86400,17110,2.604628e-04,2,1000,1500,1.000000,0.000000,1.000000,0.000000
0x3f0296bf652e19bca772ec3df08b32732f93014a,12,1748459783,86400,17110,2.604628e-04,10,200,1500,1.000000,0.000000,1.000000,0.000000
0x3f0296bf652e19bca772ec3df08b32732f93014a,12,1748459783,86400,17110,2.604628e-04,10,500,1500,1.000000,0.000000,1.000000,0.000000
0x3f0296bf652e19bca772ec3df08b32732f93014a,12,1748459783,86400,17110,2.604628e-04,10,1000,1500,1.000000,0.000000,1.000000,0.000000
0x3f0296bf652e19bca772ec3df08b32732f93014a,12,1748459783,86400,17110,2.604628e-04,30,200,1500,1.000000,0.000000,1.000000,0.000000
0x3f0296bf652e19bca772ec3df08b32732f93014a,12,1748459783,86400,17110,2.604628e-04,30,500,1500,1.000000,0.000000,1.000000,0.000000
0x3f0296bf652e19bca772ec3df08b32732f93014a,12,1748459783,86400,17110,2.604628e-04,30,1000,1500,1.000000,0.000000,1.000000,0.000000
0x3f0296bf652e19bca772ec3df08b32732f93014a,12,1748459783,86400,17110,2.604628e-04,60,200,1500,1.000000,0.000000,1.000000,0.000000
0x3f0296bf652e19bca772ec3df08b32732f93014a,12,1748459783,86400,17110,2.604628e-04,60,500,1500,1.000000,0.000000,1.000000,0.000000
0x3f0296bf652e19bca772ec3df08b32732f93014a,12,1748459783,86400,17110,2.604628e-04,60,1000,1500,1.000000,0.000000,1.000000,0.000000
0x3f0296bf652e19bca772ec3df08b32732f93014a,12,1748459783,86400,17110,2.604628e-04,120,200,1500,0.999978,0.000860,0.999945,0.000033
0x3f0296bf652e19bca772ec3df08b32732f93014a,12,1748459783,86400,17110,2.604628e-04,120,500,1500,1.000000,0.000000,1.000000,0.000000
0x3f0296bf652e19bca772ec3df08b32732f93014a,12,1748459783,86400,17110,2.604628e-04,120,1000,1500,1.000000,0.000000,1.000000,0.000000
0x3f0296bf652e19bca772ec3df08b32732f93014a,12,1748459783,86400,17110,2.604628e-04,300,200,1500,0.999653,0.008176,0.994011,0.005642
0x3f0296bf652e19bca772ec3df08b32732f93014a,12,1748459783,86400,17110,2.604628e-04,300,500,1500,1.000000,0.000000,1.000000,0.000000
0x3f0296bf652e19bca772ec3df08b32732f93014a,12,1748459783,86400,17110,2.604628e-04,300,1000,1500,1.000000,0.000000,1.000000,0.000000
0x3f0296bf652e19bca772ec3df08b32732f93014a,12,1748459783,86400,17110,2.604628e-04,600,200,1500,0.996762,0.033857,0.961618,0.035145
0x3f0296bf652e19bca772ec3df08b32732f93014a,12,1748459783,86400,17110,2.604628e-04,600,500,1500,1.000000,0.000000,0.999991,0.000009
0x3f0296bf652e19bca772ec3df08b32732f93014a,12,1748459783,86400,17110,2.604628e-04,600,1000,1500,1.000000,0.000000,1.000000,0.000000
0x3f0296bf652e19bca772ec3df08b32732f93014a,12,1748459783,86400,17110,2.604628e-04,1800,200,1500,0.964716,0.122882,0.814612,0.150104
0x3f0296bf652e19bca772ec3df08b32732f93014a,12,1748459783,86400,17110,2.604628e-04,1800,500,1500,0.999210,0.010001,0.994810,0.004399
0x3f0296bf652e19bca772ec3df08b32732f93014a,12,1748459783,86400,17110,2.604628e-04,1800,1000,1500,1.000000,0.000000,1.000000,0.000000
0x3f0296bf652e19bca772ec3df08b32732f93014a,12,1748459783,86400,17110,2.604628e-04,3600,200,1500,0.909948,0.194265,0.679933,0.230014
0x3f0296bf652e19bca772ec3df08b32732f93014a,12,1748459783,86400,17110,2.604628e-04,3600,500,1500,0.997729,0.022528,0.964742,0.032987
0x3f0296bf652e19bca772ec3df08b32732f93014a,12,1748459783,86400,17110,2.604628e-04,3600,1000,1500,1.000000,0.000000,0.999811,0.000189
0x3f0296bf652e19bca772ec3df08b32732f93014a,12,1748459783,86400,17110,2.604628e-04,7200,200,1500,0.799602,0.244230,0.541676,0.257925
0x3f0296bf652e19bca772ec3df08b32732f93014a,12,1748459783,86400,17110,2.604628e-04,7200,500,1500,0.989100,0.043713,0.887913,0.101187
0x3f0296bf652e19bca772ec3df08b32732f93014a,12,1748459783,86400,17110,2.604628e-04,7200,1000,1500,1.000000,0.000000,0.994810,0.005190
0x3f0296bf652e19bca772ec3df08b32732f93014a,12,1748459783,86400,17110,2.604628e-04,21600,200,1500,0.604177,0.256779,0.353335,0.250842
0x3f0296bf652e19bca772ec3df08b32732f93014a,12,1748459783,86400,17110,2.604628e-04,21600,500,1500,0.954073,0.114628,0.688182,0.265891
0x3f0296bf652e19bca772ec3df08b32732f93014a,12,1748459783,86400,17110,2.604628e-04,21600,1000,1500,0.999821,0.002545,0.925875,0.073946
0x3f0296bf652e19bca772ec3df08b32732f93014a,12,1748459783,86400,17110,2.604628e-04,43200,200,1500,0.516989,0.199693,0.262310,0.254679
0x3f0296bf652e19bca772ec3df08b32732f93014a,12,1748459783,86400,17110,2.604628e-04,43200,500,1500,0.932902,0.131519,0.549564,0.383338
0x3f0296bf652e19bca772ec3df08b32732f93014a,12,1748459783,86400,17110,2.604628e-04,43200,1000,1500,0.998239,0.013496,0.821915,0.176325
0x3f0296bf652e19bca772ec3df08b32732f93014a,13,1749481889,86400,16989,1.983072e-04,2,200,1500,1.000000,0.000000,1.000000,0.000000
0x3f0296bf652e19bca772ec3df08b32732f93014a,13,1749481889,86400,16989,1.983072e-04,2,500,1500,1.000000,0.000000,1.000000,0.000000
0x3f0296bf652e19bca772ec3df08b32732f93014a,13,1749481889,86400,16989,1.983072e-04,2,1000,1500,1.000000,0.000000,1.000000,0.000000
0x3f0296bf652e19bca772ec3df08b32732f93014a,13,1749481889,86400,16989,1.983072e-04,10,200,1500,1.000000,0.000000,1.000000,0.000000
0x3f0296bf652e19bca772ec3df08b32732f93014a,13,1749481889,86400,16989,1.983072e-04,10,500,1500,1.000000,0.000000,1.000000,0.000000
0x3f0296bf652e19bca772ec3df08b32732f93014a,13,1749481889,86400,16989,1.983072e-04,10,1000,1500,1.000000,0.000000,1.000000,0.000000
0x3f0296bf652e19bca772ec3df08b32732f93014a,13,1749481889,86400,16989,1.983072e-04,30,200,1500,0.999911,0.003442,1.000000,-0.000089
0x3f0296bf652e19bca772ec3df08b32732f93014a,13,1749481889,86400,16989,1.983072e-04,30,500,1500,1.000000,0.000000,1.000000,0.000000
0x3f0296bf652e19bca772ec3df08b32732f93014a,13,1749481889,86400,16989,1.983072e-04,30,1000,1500,1.000000,0.000000,1.000000,0.000000
0x3f0296bf652e19bca772ec3df08b32732f93014a,13,1749481889,86400,16989,1.983072e-04,60,200,1500,0.999667,0.012906,1.000000,-0.000333
0x3f0296bf652e19bca772ec3df08b32732f93014a,13,1749481889,86400,16989,1.983072e-04,60,500,1500,1.000000,0.000000,1.000000,0.000000
0x3f0296bf652e19bca772ec3df08b32732f93014a,13,1749481889,86400,16989,1.983072e-04,60,1000,1500,1.000000,0.000000,1.000000,0.000000
0x3f0296bf652e19bca772ec3df08b32732f93014a,13,1749481889,86400,16989,1.983072e-04,120,200,1500,0.999567,0.015153,1.000000,-0.000433
0x3f0296bf652e19bca772ec3df08b32732f93014a,13,1749481889,86400,16989,1.983072e-04,120,500,1500,1.000000,0.000000,1.000000,0.000000
0x3f0296bf652e19bca772ec3df08b32732f93014a,13,1749481889,86400,16989,1.983072e-04,120,1000,1500,1.000000,0.000000,1.000000,0.000000
0x3f0296bf652e19bca772ec3df08b32732f93014a,13,1749481889,86400,16989,1.983072e-04,300,200,1500,0.998800,0.020633,0.999434,-0.000634
0x3f0296bf652e19bca772ec3df08b32732f93014a,13,1749481889,86400,16989,1.983072e-04,300,500,1500,1.000000,0.000000,1.000000,0.000000
0x3f0296bf652e19bca772ec3df08b32732f93014a,13,1749481889,86400,16989,1.983072e-04,300,1000,1500,1.000000,0.000000,1.000000,0.000000
0x3f0296bf652e19bca772ec3df08b32732f93014a,13,1749481889,86400,16989,1.983072e-04,600,200,1500,0.995236,0.048754,0.990303,0.004933
0x3f0296bf652e19bca772ec3df08b32732f93014a,13,1749481889,86400,16989,1.983072e-04,600,500,1500,1.000000,0.000000,1.000000,0.000000
0x3f0296bf652e19bca772ec3df08b32732f93014a,13,1749481889,86400,16989,1.983072e-04,600,1000,1500,1.000000,0.000000,1.000000,0.000000
0x3f0296bf652e19bca772ec3df08b32732f93014a,13,1749481889,86400,16989,1.983072e-04,1800,200,1500,0.975104,0.114363,0.901898,0.073206
0x3f0296bf652e19bca772ec3df08b32732f93014a,13,1749481889,86400,16989,1.983072e-04,1800,500,1500,0.999435,0.008611,0.999547,-0.000112
0x3f0296bf652e19bca772ec3df08b32732f93014a,13,1749481889,86400,16989,1.983072e-04,1800,1000,1500,1.000000,0.000000,1.000000,0.000000
0x3f0296bf652e19bca772ec3df08b32732f93014a,13,1749481889,86400,16989,1.983072e-04,3600,200,1500,0.938599,0.160042,0.787370,0.151229
0x3f0296bf652e19bca772ec3df08b32732f93014a,13,1749481889,86400,16989,1.983072e-04,3600,500,1500,0.995794,0.037419,0.991464,0.004329
0x3f0296bf652e19bca772ec3df08b32732f93014a,13,1749481889,86400,16989,1.983072e-04,3600,1000,1500,1.000000,0.000000,0.999998,0.000002
0x3f0296bf652e19bca772ec3df08b32732f93014a,13,1749481889,86400,16989,1.983072e-04,7200,200,1500,0.862323,0.222812,0.650008,0.212315
0x3f0296bf652e19bca772ec3df08b32732f93014a,13,1749481889,86400,16989,1.983072e-04,7200,500,1500,0.985908,0.079420,0.952595,0.033313
0x3f0296bf652e19bca772ec3df08b32732f93014a,13,1749481889,86400,16989,1.983072e-04,7200,1000,1500,1.000000,0.000000,0.999547,0.000453
0x3f0296bf652e19bca772ec3df08b32732f93014a,13,1749481889,86400,16989,1.983072e-04,21600,200,1500,0.719606,0.274296,0.440464,0.279142
0x3f0296bf652e19bca772ec3df08b32732f93014a,13,1749481889,86400,16989,1.983072e-04,21600,500,1500,0.942864,0.177477,0.795006,0.147859
0x3f0296bf652e19bca772ec3df08b32732f93014a,13,1749481889,86400,16989,1.983072e-04,21600,1000,1500,0.999387,0.006376,0.974158,0.025229
0x3f0296bf652e19bca772ec3df08b32732f93014a,13,1749481889,86400,16989,1.983072e-04,43200,200,1500,0.642136,0.233593,0.332070,0.310066
0x3f0296bf652e19bca772ec3df08b32732f93014a,13,1749481889,86400,16989,1.983072e-04,43200,500,1500,0.932987,0.130782,0.658270,0.274717
0x3f0296bf652e19bca772ec3df08b32732f93014a,13,1749481889,86400,16989,1.983072e-04,43200,1000,1500,0.999995,0.000128,0.907390,0.092605
0x3f0296bf652e19bca772ec3df08b32732f93014a,14,1750503995,86400,14867,3.025937e-04,2,200,1500,1.000000,0.000000,1.000000,0.000000
0x3f0296bf652e19bca772ec3df08b32732f93014a,14,1750503995,86400,14867,3.025937e-04,2,500,1500,1.000000,0.000000,1.000000,0.000000
0x3f0296bf652e19bca772ec3df08b32732f93014a,14,1750503995,86400,14867,3.025937e-04,2,1000,1500,1.000000,0.000000,1.000000,0.000000
0x3f0296bf652e19bca772ec3df08b32732f93014a,14,1750503995,86400,14867,3.025937e-04,10,200,1500,1.000000,0.000000,1.000000,0.000000
0x3f0296bf652e19bca772ec3df08b32732f93014a,14,1750503995,86400,14867,3.025937e-04,10,500,1500,1.000000,0.000000,1.000000,0.000000
0x3f0296bf652e19bca772ec3df08b32732f93014a,14,1750503995,86400,14867,3.025937e-04,10,1000,1500,1.000000,0.000000,1.000000,0.000000
0x3f0296bf652e19bca772ec3df08b32732f93014a,14,1750503995,86400,14867,3.025937e-04,30,200,1500,0.999689,0.010466,1.000000,-0.000311
0x3f0296bf652e19bca772ec3df08b32732f93014a,14,1750503995,86400,14867,3.025937e-04,30,500,1500,1.000000,0.000000,1.000000,0.000000
0x3f0296bf652e19bca772ec3df08b32732f93014a,14,1750503995,86400,14867,3.025937e-04,30,1000,1500,1.000000,0.000000,1.000000,0.000000
0x3f0296bf652e19bca772ec3df08b32732f93014a,14,1750503995,86400,14867,3.025937e-04,60,200,1500,0.999600,0.013046,0.999998,-0.000398
0x3f0296bf652e19bca772ec3df08b32732f93014a,14,1750503995,86400,14867,3.025937e-04,60,500,1500,1.000000,0.000000,1.000000,0.000000
0x3f0296bf652e19bca772ec3df08b32732f93014a,14,1750503995,86400,14867,3.025937e-04,60,1000,1500,1.000000,0.000000,1.000000,0.000000
0x3f0296bf652e19bca772ec3df08b32732f93014a,14,1750503995,86400,14867,3.025937e-04,120,200,1500,0.999311,0.011413,0.999618,-0.000307
0x3f0296bf652e19bca772ec3df08b32732f93014a,14,1750503995,86400,14867,3.025937e-04,120,500,1500,1.000000,0.000000,1.000000,0.000000
0x3f0296bf652e19bca772ec3df08b32732f93014a,14,1750503995,86400,14867,3.025937e-04,120,1000,1500,1.000000,0.000000,1.000000,0.000000
0x3f0296bf652e19bca772ec3df08b32732f93014a,14,1750503995,86400,14867,3.025937e-04,300,200,1500,0.999036,0.016409,0.984920,0.014116
0x3f0296bf652e19bca772ec3df08b32732f93014a,14,1750503995,86400,14867,3.025937e-04,300,500,1500,1.000000,0.000000,1.000000,0.000000
0x3f0296bf652e19bca772ec3df08b32732f93014a,14,1750503995,86400,14867,3.025937e-04,300,1000,1500,1.000000,0.000000,1.000000,0.000000
0x3f0296bf652e19bca772ec3df08b32732f93014a,14,1750503995,86400,14867,3.025937e-04,600,200,1500,0.998442,0.020541,0.933259,0.065183
0x3f0296bf652e19bca772ec3df08b32732f93014a,14,1750503995,86400,14867,3.025937e-04,600,500,1500,1.000000,0.000000,0.999905,0.000095
0x3f0296bf652e19bca772ec3df08b32732f93014a,14,1750503995,86400,14867,3.025937e-04,600,1000,1500,1.000000,0.000000,1.000000,0.000000
0x3f0296bf652e19bca772ec3df08b32732f93014a,14,1750503995,86400,14867,3.025937e-04,1800,200,1500,0.968330,0.112443,0.758285,0.210045
0x3f0296bf652e19bca772ec3df08b32732f93014a,14,1750503995,86400,14867,3.025937e-04,1800,500,1500,0.999350,0.009009,0.986539,0.012811
0x3f0296bf652e19bca772ec3df08b32732f93014a,14,1750503995,86400,14867,3.025937e-04,1800,1000,1500,1.000000,0.000000,0.999990,0.000010
0x3f0296bf652e19bca772ec3df08b32732f93014a,14,1750503995,86400,14867,3.025937e-04,3600,200,1500,0.921957,0.185628,0.619327,0.302630
0x3f0296bf652e19bca772ec3df08b32732f93014a,14,1750503995,86400,14867,3.025937e-04,3600,500,1500,0.986879,0.061837,0.937684,0.049195
0x3f0296bf652e19bca772ec3df08b32732f93014a,14,1750503995,86400,14867,3.025937e-04,3600,1000,1500,1.000000,0.000000,0.999000,0.001000
0x3f0296bf652e19bca772ec3df08b32732f93014a,14,1750503995,86400,14867,3.025937e-04,7200,200,1500,0.830490,0.251199,0.485393,0.345097
0x3f0296bf652e19bca772ec3df08b32732f93014a,14,1750503995,86400,14867,3.025937e-04,7200,500,1500,0.956758,0.133603,0.840307,0.116451
0x3f0296bf652e19bca772ec3df08b32732f93014a,14,1750503995,86400,14867,3.025937e-04,7200,1000,1500,0.998156,0.017484,0.986539,0.011617
0x3f0296bf652e19bca772ec3df08b32732f93014a,14,1750503995,86400,14867,3.025937e-04,21600,200,1500,0.523831,0.287679,0.311266,0.212565
0x3f0296bf652e19bca772ec3df08b32732f93014a,14,1750503995,86400,14867,3.025937e-04,21600,500,1500,0.793727,0.272035,0.627547,0.166180
0x3f0296bf652e19bca772ec3df08b32732f93014a,14,1750503995,86400,14867,3.025937e-04,21600,1000,1500,0.963091,0.116842,0.886129,0.076963
0x3f0296bf652e19bca772ec3df08b32732f93014a,14,1750503995,86400,14867,3.025937e-04,43200,200,1500,0.304031,0.177995,0.229504,0.074527
0x3f0296bf652e19bca772ec3df08b32732f93014a,14,1750503995,86400,14867,3.025937e-04,43200,500,1500,0.604632,0.305710,0.492868,0.111764
0x3f0296bf652e19bca772ec3df08b32732f93014a,14,1750503995,86400,14867,3.025937e-04,43200,1000,1500,0.845918,0.254397,0.766188,0.079730
0x3f0296bf652e19bca772ec3df08b32732f93014a,15,1751526101,86400,9649,1.425343e-04,2,200,1500,1.000000,0.000000,1.000000,0.000000
0x3f0296bf652e19bca772ec3df08b32732f93014a,15,1751526101,86400,9649,1.425343e-04,2,500,1500,1.000000,0.000000,1.000000,0.000000
0x3f0296bf652e19bca772ec3df08b32732f93014a,15,1751526101,86400,9649,1.425343e-04,2,1000,1500,1.000000,0.000000,1.000000,0.000000
0x3f0296bf652e19bca772ec3df08b32732f93014a,15,1751526101,86400,9649,1.425343e-04,10,200,1500,1.000000,0.000000,1.000000,0.000000
0x3f0296bf652e19bca772ec3df08b32732f93014a,15,1751526101,86400,9649,1.425343e-04,10,500,1500,1.000000,0.000000,1.000000,0.000000
0x3f0296bf652e19bca772ec3df08b32732f93014a,15,1751526101,86400,9649,1.425343e-04,10,1000,1500,1.000000,0.000000,1.000000,0.000000
0x3f0296bf652e19bca772ec3df08b32732f93014a,15,1751526101,86400,9649,1.425343e-04,30,200,1500,1.000000,0.000000,1.000000,0.000000
0x3f0296bf652e19bca772ec3df08b32732f93014a,15,1751526101,86400,9649,1.425343e-04,30,500,1500,1.000000,0.000000,1.000000,0.000000
0x3f0296bf652e19bca772ec3df08b32732f93014a,15,1751526101,86400,9649,1.425343e-04,30,1000,1500,1.000000,0.000000,1.000000,0.000000
0x3f0296bf652e19bca772ec3df08b32732f93014a,15,1751526101,86400,9649,1.425343e-04,60,200,1500,1.000000,0.000000,1.000000,0.000000
0x3f0296bf652e19bca772ec3df08b32732f93014a,15,1751526101,86400,9649,1.425343e-04,60,500,1500,1.000000,0.000000,1.000000,0.000000
0x3f0296bf652e19bca772ec3df08b32732f93014a,15,1751526101,86400,9649,1.425343e-04,60,1000,1500,1.000000,0.000000,1.000000,0.000000
0x3f0296bf652e19bca772ec3df08b32732f93014a,15,1751526101,86400,9649,1.425343e-04,120,200,1500,1.000000,0.000000,1.000000,0.000000
0x3f0296bf652e19bca772ec3df08b32732f93014a,15,1751526101,86400,9649,1.425343e-04,120,500,1500,1.000000,0.000000,1.000000,0.000000
0x3f0296bf652e19bca772ec3df08b32732f93014a,15,1751526101,86400,9649,1.425343e-04,120,1000,1500,1.000000,0.000000,1.000000,0.000000
0x3f0296bf652e19bca772ec3df08b32732f93014a,15,1751526101,86400,9649,1.425343e-04,300,200,1500,1.000000,0.000000,0.999995,0.000005
0x3f0296bf652e19bca772ec3df08b32732f93014a,15,1751526101,86400,9649,1.425343e-04,300,500,1500,1.000000,0.000000,1.000000,0.000000
0x3f0296bf652e19bca772ec3df08b32732f93014a,15,1751526101,86400,9649,1.425343e-04,300,1000,1500,1.000000,0.000000,1.000000,0.000000
0x3f0296bf652e19bca772ec3df08b32732f93014a,15,1751526101,86400,9649,1.425343e-04,600,200,1500,0.998020,0.022032,0.999327,-0.001307
0x3f0296bf652e19bca772ec3df08b32732f93014a,15,1751526101,86400,9649,1.425343e-04,600,500,1500,1.000000,0.000000,1.000000,0.000000
0x3f0296bf652e19bca772ec3df08b32732f93014a,15,1751526101,86400,9649,1.425343e-04,600,1000,1500,1.000000,0.000000,1.000000,0.000000
0x3f0296bf652e19bca772ec3df08b32732f93014a,15,1751526101,86400,9649,1.425343e-04,1800,200,1500,0.990869,0.067623,0.969453,0.021416
0x3f0296bf652e19bca772ec3df08b32732f93014a,15,1751526101,86400,9649,1.425343e-04,1800,500,1500,1.000000,0.000000,0.999997,0.000003
0x3f0296bf652e19bca772ec3df08b32732f93014a,15,1751526101,86400,9649,1.425343e-04,1800,1000,1500,1.000000,0.000000,1.000000,0.000000
0x3f0296bf652e19bca772ec3df08b32732f93014a,15,1751526101,86400,9649,1.425343e-04,3600,200,1500,0.974184,0.099544,0.897385,0.076799
0x3f0296bf652e19bca772ec3df08b32732f93014a,15,1751526101,86400,9649,1.425343e-04,3600,500,1500,1.000000,0.000000,0.999458,0.000542
0x3f0296bf652e19bca772ec3df08b32732f93014a,15,1751526101,86400,9649,1.425343e-04,3600,1000,1500,1.000000,0.000000,1.000000,0.000000
0x3f0296bf652e19bca772ec3df08b32732f93014a,15,1751526101,86400,9649,1.425343e-04,7200,200,1500,0.934063,0.136474,0.781200,0.152863
0x3f0296bf652e19bca772ec3df08b32732f93014a,15,1751526101,86400,9649,1.425343e-04,7200,500,1500,1.000000,0.000000,0.990543,0.009457
0x3f0296bf652e19bca772ec3df08b32732f93014a,15,1751526101,86400,9649,1.425343e-04,7200,1000,1500,1.000000,0.000000,0.999997,0.000003
0x3f0296bf652e19bca772ec3df08b32732f93014a,15,1751526101,86400,9649,1.425343e-04,21600,200,1500,0.785700,0.236079,0.562477,0.223222
0x3f0296bf652e19bca772ec3df08b32732f93014a,15,1751526101,86400,9649,1.425343e-04,21600,500,1500,0.995871,0.025838,0.903007,0.092864
0x3f0296bf652e19bca772ec3df08b32732f93014a,15,1751526101,86400,9649,1.425343e-04,21600,1000,1500,1.000000,0.000000,0.996516,0.003484
0x3f0296bf652e19bca772ec3df08b32732f93014a,15,1751526101,86400,9649,1.425343e-04,43200,200,1500,0.599243,0.242599,0.434867,0.164376
0x3f0296bf652e19bca772ec3df08b32732f93014a,15,1751526101,86400,9649,1.425343e-04,43200,500,1500,0.950308,0.114436,0.788899,0.161409
0x3f0296bf652e19bca772ec3df08b32732f93014a,15,1751526101,86400,9649,1.425343e-04,43200,1000,1500,0.999835,0.001820,0.972132,0.027703
0x3f0296bf652e19bca772ec3df08b32732f93014a,16,1752548206,86400,11527,1.545888e-04,2,200,1500,1.000000,0.000000,1.000000,0.000000
0x3f0296bf652e19bca772ec3df08b32732f93014a,16,1752548206,86400,11527,1.545888e-04,2,500,1500,1.000000,0.000000,1.000000,0.000000
0x3f0296bf652e19bca772ec3df08b32732f93014a,16,1752548206,86400,11527,1.545888e-04,2,1000,1500,1.000000,0.000000,1.000000,0.000000
0x3f0296bf652e19bca772ec3df08b32732f93014a,16,1752548206,86400,11527,1.545888e-04,10,200,1500,1.000000,0.000000,1.000000,0.000000
0x3f0296bf652e19bca772ec3df08b32732f93014a,16,1752548206,86400,11527,1.545888e-04,10,500,1500,1.000000,0.000000,1.000000,0.000000
0x3f0296bf652e19bca772ec3df08b32732f93014a,16,1752548206,86400,11527,1.545888e-04,10,1000,1500,1.000000,0.000000,1.000000,0.000000
0x3f0296bf652e19bca772ec3df08b32732f93014a,16,1752548206,86400,11527,1.545888e-04,30,200,1500,1.000000,0.000000,1.000000,0.000000
0x3f0296bf652e19bca772ec3df08b32732f93014a,16,1752548206,86400,11527,1.545888e-04,30,500,1500,1.000000,0.000000,1.000000,0.000000
0x3f0296bf652e19bca772ec3df08b32732f93014a,16,1752548206,86400,11527,1.545888e-04,30,1000,1500,1.000000,0.000000,1.000000,0.000000
0x3f0296bf652e19bca772ec3df08b32732f93014a,16,1752548206,86400,11527,1.545888e-04,60,200,1500,1.000000,0.000000,1.000000,0.000000
0x3f0296bf652e19bca772ec3df08b32732f93014a,16,1752548206,86400,11527,1.545888e-04,60,500,1500,1.000000,0.000000,1.000000,0.000000
0x3f0296bf652e19bca772ec3df08b32732f93014a,16,1752548206,86400,11527,1.545888e-04,60,1000,1500,1.000000,0.000000,1.000000,0.000000
0x3f0296bf652e19bca772ec3df08b32732f93014a,16,1752548206,86400,11527,1.545888e-04,120,200,1500,1.000000,0.000000,1.000000,0.000000
0x3f0296bf652e19bca772ec3df08b32732f93014a,16,1752548206,86400,11527,1.545888e-04,120,500,1500,1.000000,0.000000,1.000000,0.000000
0x3f0296bf652e19bca772ec3df08b32732f93014a,16,1752548206,86400,11527,1.545888e-04,120,1000,1500,1.000000,0.000000,1.000000,0.000000
0x3f0296bf652e19bca772ec3df08b32732f93014a,16,1752548206,86400,11527,1.545888e-04,300,200,1500,0.999973,0.001032,0.999980,-0.000006
0x3f0296bf652e19bca772ec3df08b32732f93014a,16,1752548206,86400,11527,1.545888e-04,300,500,1500,1.000000,0.000000,1.000000,0.000000
0x3f0296bf652e19bca772ec3df08b32732f93014a,16,1752548206,86400,11527,1.545888e-04,300,1000,1500,1.000000,0.000000,1.000000,0.000000
0x3f0296bf652e19bca772ec3df08b32732f93014a,16,1752548206,86400,11527,1.545888e-04,600,200,1500,0.999109,0.015859,0.998513,0.000595
0x3f0296bf652e19bca772ec3df08b32732f93014a,16,1752548206,86400,11527,1.545888e-04,600,500,1500,1.000000,0.000000,1.000000,0.000000
0x3f0296bf652e19bca772ec3df08b32732f93014a,16,1752548206,86400,11527,1.545888e-04,600,1000,1500,1.000000,0.000000,1.000000,0.000000
0x3f0296bf652e19bca772ec3df08b32732f93014a,16,1752548206,86400,11527,1.545888e-04,1800,200,1500,0.985636,0.067195,0.957113,0.028523
0x3f0296bf652e19bca772ec3df08b32732f93014a,16,1752548206,86400,11527,1.545888e-04,1800,500,1500,1.000000,0.000000,0.999985,0.000015
0x3f0296bf652e19bca772ec3df08b32732f93014a,16,1752548206,86400,11527,1.545888e-04,1800,1000,1500,1.000000,0.000000,1.000000,0.000000
0x3f0296bf652e19bca772ec3df08b32732f93014a,16,1752548206,86400,11527,1.545888e-04,3600,200,1500,0.960015,0.109751,0.873481,0.086534
0x3f0296bf652e19bca772ec3df08b32732f93014a,16,1752548206,86400,11527,1.545888e-04,3600,500,1500,0.999983,0.000605,0.998770,0.001213
0x3f0296bf652e19bca772ec3df08b32732f93014a,16,1752548206,86400,11527,1.545888e-04,3600,1000,1500,1.000000,0.000000,1.000000,0.000000
0x3f0296bf652e19bca772ec3df08b32732f93014a,16,1752548206,86400,11527,1.545888e-04,7200,200,1500,0.902704,0.180960,0.749888,0.152816
0x3f0296bf652e19bca772ec3df08b32732f93014a,16,1752548206,86400,11527,1.545888e-04,7200,500,1500,0.999830,0.002074,0.984827,0.015003
0x3f0296bf652e19bca772ec3df08b32732f93014a,16,1752548206,86400,11527,1.545888e-04,7200,1000,1500,1.000000,0.000000,0.999985,0.000015
0x3f0296bf652e19bca772ec3df08b32732f93014a,16,1752548206,86400,11527,1.545888e-04,21600,200,1500,0.783301,0.220386,0.531084,0.252218
0x3f0296bf652e19bca772ec3df08b32732f93014a,16,1752548206,86400,11527,1.545888e-04,21600,500,1500,0.996441,0.032178,0.879715,0.116726
0x3f0296bf652e19bca772ec3df08b32732f93014a,16,1752548206,86400,11527,1.545888e-04,21600,1000,1500,1.000000,0.000000,0.993708,0.006292
0x3f0296bf652e19bca772ec3df08b32732f93014a,16,1752548206,86400,11527,1.545888e-04,43200,200,1500,0.662439,0.214187,0.407749,0.254690
0x3f0296bf652e19bca772ec3df08b32732f93014a,16,1752548206,86400,11527,1.545888e-04,43200,500,1500,0.993690,0.032738,0.757852,0.235838
0x3f0296bf652e19bca772ec3df08b32732f93014a,16,1752548206,86400,11527,1.545888e-04,43200,1000,1500,1.000000,0.000000,0.960473,0.039527
0x3f0296bf652e19bca772ec3df08b32732f93014a,17,1753570312,86400,6411,9.536844e-05,2,200,1500,1.000000,0.000000,1.000000,0.000000
0x3f0296bf652e19bca772ec3df08b32732f93014a,17,1753570312,86400,6411,9.536844e-05,2,500,1500,1.000000,0.000000,1.000000,0.000000
0x3f0296bf652e19bca772ec3df08b32732f93014a,17,1753570312,86400,6411,9.536844e-05,2,1000,1500,1.000000,0.000000,1.000000,0.000000
0x3f0296bf652e19bca772ec3df08b32732f93014a,17,1753570312,86400,6411,9.536844e-05,10,200,1500,1.000000,0.000000,1.000000,0.000000
0x3f0296bf652e19bca772ec3df08b32732f93014a,17,1753570312,86400,6411,9.536844e-05,10,500,1500,1.000000,0.000000,1.000000,0.000000
0x3f0296bf652e19bca772ec3df08b32732f93014a,17,1753570312,86400,6411,9.536844e-05,10,1000,1500,1.000000,0.000000,1.000000,0.000000
0x3f0296bf652e19bca772ec3df08b32732f93014a,17,1753570312,86400,6411,9.536844e-05,30,200,1500,1.000000,0.000000,1.000000,0.000000
0x3f0296bf652e19bca772ec3df08b32732f93014a,17,1753570312,86400,6411,9.536844e-05,30,500,1500,1.000000,0.000000,1.000000,0.000000
0x3f0296bf652e19bca772ec3df08b32732f93014a,17,1753570312,86400,6411,9.536844e-05,30,1000,1500,1.000000,0.000000,1.000000,0.000000
0x3f0296bf652e19bca772ec3df08b32732f93014a,17,1753570312,86400,6411,9.536844e-05,60,200,1500,1.000000,0.000000,1.000000,0.000000
0x3f0296bf652e19bca772ec3df08b32732f93014a,17,1753570312,86400,6411,9.536844e-05,60,500,1500,1.000000,0.000000,1.000000,0.000000
0x3f0296bf652e19bca772ec3df08b32732f93014a,17,1753570312,86400,6411,9.536844e-05,60,1000,1500,1.000000,0.000000,1.000000,0.000000
0x3f0296bf652e19bca772ec3df08b32732f93014a,17,1753570312,86400,6411,9.536844e-05,120,200,1500,1.000000,0.000000,1.000000,0.000000
0x3f0296bf652e19bca772ec3df08b32732f93014a,17,1753570312,86400,6411,9.536844e-05,120,500,1500,1.000000,0.000000,1.000000,0.000000
0x3f0296bf652e19bca772ec3df08b32732f93014a,17,1753570312,86400,6411,9.536844e-05,120,1000,1500,1.000000,0.000000,1.000000,0.000000
0x3f0296bf652e19bca772ec3df08b32732f93014a,17,1753570312,86400,6411,9.536844e-05,300,200,1500,1.000000,0.000000,1.000000,0.000000
0x3f0296bf652e19bca772ec3df08b32732f93014a,17,1753570312,86400,6411,9.536844e-05,300,500,1500,1.000000,0.000000,1.000000,0.000000
0x3f0296bf652e19bca772ec3df08b32732f93014a,17,1753570312,86400,6411,9.536844e-05,300,1000,1500,1.000000,0.000000,1.000000,0.000000
0x3f0296bf652e19bca772ec3df08b32732f93014a,17,1753570312,86400,6411,9.536844e-05,600,200,1500,1.000000,0.000000,0.999998,0.000002
0x3f0296bf652e19bca772ec3df08b32732f93014a,17,1753570312,86400,6411,9.536844e-05,600,500,1500,1.000000,0.000000,1.000000,0.000000
0x3f0296bf652e19bca772ec3df08b32732f93014a,17,1753570312,86400,6411,9.536844e-05,600,1000,1500,1.000000,0.000000,1.000000,0.000000
0x3f0296bf652e19bca772ec3df08b32732f93014a,17,1753570312,86400,6411,9.536844e-05,1800,200,1500,0.999904,0.002209,0.997361,0.002543
0x3f0296bf652e19bca772ec3df08b32732f93014a,17,1753570312,86400,6411,9.536844e-05,1800,500,1500,1.000000,0.000000,1.000000,0.000000
0x3f0296bf652e19bca772ec3df08b32732f93014a,17,1753570312,86400,6411,9.536844e-05,1800,1000,1500,1.000000,0.000000,1.000000,0.000000
0x3f0296bf652e19bca772ec3df08b32732f93014a,17,1753570312,86400,6411,9.536844e-05,3600,200,1500,0.992956,0.050264,0.976329,0.016627
0x3f0296bf652e19bca772ec3df08b32732f93014a,17,1753570312,86400,6411,9.536844e-05,3600,500,1500,1.000000,0.000000,0.999999,0.000001
0x3f0296bf652e19bca772ec3df08b32732f93014a,17,1753570312,86400,6411,9.536844e-05,3600,1000,1500,1.000000,0.000000,1.000000,0.000000
0x3f0296bf652e19bca772ec3df08b32732f93014a,17,1753570312,86400,6411,9.536844e-05,7200,200,1500,0.970569,0.098080,0.912227,0.058341
0x3f0296bf652e19bca772ec3df08b32732f93014a,17,1753570312,86400,6411,9.536844e-05,7200,500,1500,1.000000,0.000000,0.999710,0.000290
0x3f0296bf652e19bca772ec3df08b32732f93014a,17,1753570312,86400,6411,9.536844e-05,7200,1000,1500,1.000000,0.000000,1.000000,0.000000
0x3f0296bf652e19bca772ec3df08b32732f93014a,17,1753570312,86400,6411,9.536844e-05,21600,200,1500,0.923621,0.156605,0.723688,0.199933
0x3f0296bf652e19bca772ec3df08b32732f93014a,17,1753570312,86400,6411,9.536844e-05,21600,500,1500,1.000000,0.000000,0.978573,0.021427
0x3f0296bf652e19bca772ec3df08b32732f93014a,17,1753570312,86400,6411,9.536844e-05,21600,1000,1500,1.000000,0.000000,0.999958,0.000042
0x3f0296bf652e19bca772ec3df08b32732f93014a,17,1753570312,86400,6411,9.536844e-05,43200,200,1500,0.917006,0.157840,0.584243,0.332764
0x3f0296bf652e19bca772ec3df08b32732f93014a,17,1753570312,86400,6411,9.536844e-05,43200,500,1500,1.000000,0.000000,0.917401,0.082599
0x3f0296bf652e19bca772ec3df08b32732f93014a,17,1753570312,86400,6411,9.536844e-05,43200,1000,1500,1.000000,0.000000,0.997774,0.002226
0x3f0296bf652e19bca772ec3df08b32732f93014a,18,1754592418,86400,12053,1.187699e-04,2,200,1500,1.000000,0.000000,1.000000,0.000000
0x3f0296bf652e19bca772ec3df08b32732f93014a,18,1754592418,86400,12053,1.187699e-04,2,500,1500,1.000000,0.000000,1.000000,0.000000
0x3f0296bf652e19bca772ec3df08b32732f93014a,18,1754592418,86400,12053,1.187699e-04,2,1000,1500,1.000000,0.000000,1.000000,0.000000
0x3f0296bf652e19bca772ec3df08b32732f93014a,18,1754592418,86400,12053,1.187699e-04,10,200,1500,1.000000,0.000000,1.000000,0.000000
0x3f0296bf652e19bca772ec3df08b32732f93014a,18,1754592418,86400,12053,1.187699e-04,10,500,1500,1.000000,0.000000,1.000000,0.000000
0x3f0296bf652e19bca772ec3df08b32732f93014a,18,1754592418,86400,12053,1.187699e-04,10,1000,1500,1.000000,0.000000,1.000000,0.000000
0x3f0296bf652e19bca772ec3df08b32732f93014a,18,1754592418,86400,12053,1.187699e-04,30,200,1500,1.000000,0.000000,1.000000,0.000000
0x3f0296bf652e19bca772ec3df08b32732f93014a,18,1754592418,86400,12053,1.187699e-04,30,500,1500,1.000000,0.000000,1.000000,0.000000
0x3f0296bf652e19bca772ec3df08b32732f93014a,18,1754592418,86400,12053,1.187699e-04,30,1000,1500,1.000000,0.000000,1.000000,0.000000
0x3f0296bf652e19bca772ec3df08b32732f93014a,18,1754592418,86400,12053,1.187699e-04,60,200,1500,1.000000,0.000000,1.000000,0.000000
0x3f0296bf652e19bca772ec3df08b32732f93014a,18,1754592418,86400,12053,1.187699e-04,60,500,1500,1.000000,0.000000,1.000000,0.000000
0x3f0296bf652e19bca772ec3df08b32732f93014a,18,1754592418,86400,12053,1.187699e-04,60,1000,1500,1.000000,0.000000,1.000000,0.000000
0x3f0296bf652e19bca772ec3df08b32732f93014a,18,1754592418,86400,12053,1.187699e-04,120,200,1500,1.000000,0.000000,1.000000,0.000000
0x3f0296bf652e19bca772ec3df08b32732f93014a,18,1754592418,86400,12053,1.187699e-04,120,500,1500,1.000000,0.000000,1.000000,0.000000
0x3f0296bf652e19bca772ec3df08b32732f93014a,18,1754592418,86400,12053,1.187699e-04,120,1000,1500,1.000000,0.000000,1.000000,0.000000
0x3f0296bf652e19bca772ec3df08b32732f93014a,18,1754592418,86400,12053,1.187699e-04,300,200,1500,1.000000,0.000000,1.000000,0.000000
0x3f0296bf652e19bca772ec3df08b32732f93014a,18,1754592418,86400,12053,1.187699e-04,300,500,1500,1.000000,0.000000,1.000000,0.000000
0x3f0296bf652e19bca772ec3df08b32732f93014a,18,1754592418,86400,12053,1.187699e-04,300,1000,1500,1.000000,0.000000,1.000000,0.000000
0x3f0296bf652e19bca772ec3df08b32732f93014a,18,1754592418,86400,12053,1.187699e-04,600,200,1500,1.000000,0.000000,0.999927,0.000073
0x3f0296bf652e19bca772ec3df08b32732f93014a,18,1754592418,86400,12053,1.187699e-04,600,500,1500,1.000000,0.000000,1.000000,0.000000
0x3f0296bf652e19bca772ec3df08b32732f93014a,18,1754592418,86400,12053,1.187699e-04,600,1000,1500,1.000000,0.000000,1.000000,0.000000
0x3f0296bf652e19bca772ec3df08b32732f93014a,18,1754592418,86400,12053,1.187699e-04,1800,200,1500,0.999381,0.005705,0.987923,0.011459
0x3f0296bf652e19bca772ec3df08b32732f93014a,18,1754592418,86400,12053,1.187699e-04,1800,500,1500,1.000000,0.000000,1.000000,0.000000
0x3f0296bf652e19bca772ec3df08b32732f93014a,18,1754592418,86400,12053,1.187699e-04,1800,1000,1500,1.000000,0.000000,1.000000,0.000000
0x3f0296bf652e19bca772ec3df08b32732f93014a,18,1754592418,86400,12053,1.187699e-04,3600,200,1500,0.990772,0.047613,0.941626,0.049146
0x3f0296bf652e19bca772ec3df08b32732f93014a,18,1754592418,86400,12053,1.187699e-04,3600,500,1500,1.000000,0.000000,0.999946,0.000054
0x3f0296bf652e19bca772ec3df08b32732f93014a,18,1754592418,86400,12053,1.187699e-04,3600,1000,1500,1.000000,0.000000,1.000000,0.000000
0x3f0296bf652e19bca772ec3df08b32732f93014a,18,1754592418,86400,12053,1.187699e-04,7200,200,1500,0.963578,0.117344,0.846707,0.116871
0x3f0296bf652e19bca772ec3df08b32732f93014a,18,1754592418,86400,12053,1.187699e-04,7200,500,1500,1.000000,0.000000,0.997441,0.002559
0x3f0296bf652e19bca772ec3df08b32732f93014a,18,1754592418,86400,12053,1.187699e-04,7200,1000,1500,1.000000,0.000000,1.000000,0.000000
0x3f0296bf652e19bca772ec3df08b32732f93014a,18,1754592418,86400,12053,1.187699e-04,21600,200,1500,0.858405,0.239131,0.635178,0.223227
0x3f0296bf652e19bca772ec3df08b32732f93014a,18,1754592418,86400,12053,1.187699e-04,21600,500,1500,0.999493,0.004054,0.945708,0.053785
0x3f0296bf652e19bca772ec3df08b32732f93014a,18,1754592418,86400,12053,1.187699e-04,21600,1000,1500,1.000000,0.000000,0.999328,0.000672
0x3f0296bf652e19bca772ec3df08b32732f93014a,18,1754592418,86400,12053,1.187699e-04,43200,200,1500,0.786837,0.231165,0.499850,0.286987
0x3f0296bf652e19bca772ec3df08b32732f93014a,18,1754592418,86400,12053,1.187699e-04,43200,500,1500,0.993021,0.020990,0.853494,0.139527
0x3f0296bf652e19bca772ec3df08b32732f93014a,18,1754592418,86400,12053,1.187699e-04,43200,1000,1500,1.000000,0.000000,0.989295,0.010705
0x3f0296bf652e19bca772ec3df08b32732f93014a,19,1755614524,86400,13101,1.107903e-04,2,200,1500,1.000000,0.000000,1.000000,0.000000
0x3f0296bf652e19bca772ec3df08b32732f93014a,19,1755614524,86400,13101,1.107903e-04,2,500,1500,1.000000,0.000000,1.000000,0.000000
0x3f0296bf652e19bca772ec3df08b32732f93014a,19,1755614524,86400,13101,1.107903e-04,2,1000,1500,1.000000,0.000000,1.000000,0.000000
0x3f0296bf652e19bca772ec3df08b32732f93014a,19,1755614524,86400,13101,1.107903e-04,10,200,1500,1.000000,0.000000,1.000000,0.000000
0x3f0296bf652e19bca772ec3df08b32732f93014a,19,1755614524,86400,13101,1.107903e-04,10,500,1500,1.000000,0.000000,1.000000,0.000000
0x3f0296bf652e19bca772ec3df08b32732f93014a,19,1755614524,86400,13101,1.107903e-04,10,1000,1500,1.000000,0.000000,1.000000,0.000000
0x3f0296bf652e19bca772ec3df08b32732f93014a,19,1755614524,86400,13101,1.107903e-04,30,200,1500,1.000000,0.000000,1.000000,0.000000
0x3f0296bf652e19bca772ec3df08b32732f93014a,19,1755614524,86400,13101,1.107903e-04,30,500,1500,1.000000,0.000000,1.000000,0.000000
0x3f0296bf652e19bca772ec3df08b32732f93014a,19,1755614524,86400,13101,1.107903e-04,30,1000,1500,1.000000,0.000000,1.000000,0.000000
0x3f0296bf652e19bca772ec3df08b32732f93014a,19,1755614524,86400,13101,1.107903e-04,60,200,1500,1.000000,0.000000,1.000000,0.000000
0x3f0296bf652e19bca772ec3df08b32732f93014a,19,1755614524,86400,13101,1.107903e-04,60,500,1500,1.000000,0.000000,1.000000,0.000000
0x3f0296bf652e19bca772ec3df08b32732f93014a,19,1755614524,86400,13101,1.107903e-04,60,1000,1500,1.000000,0.000000,1.000000,0.000000
0x3f0296bf652e19bca772ec3df08b32732f93014a,19,1755614524,86400,13101,1.107903e-04,120,200,1500,1.000000,0.000000,1.000000,0.000000
0x3f0296bf652e19bca772ec3df08b32732f93014a,19,1755614524,86400,13101,1.107903e-04,120,500,1500,1.000000,0.000000,1.000000,0.000000
0x3f0296bf652e19bca772ec3df08b32732f93014a,19,1755614524,86400,13101,1.107903e-04,120,1000,1500,1.000000,0.000000,1.000000,0.000000
0x3f0296bf652e19bca772ec3df08b32732f93014a,19,1755614524,86400,13101,1.107903e-04,300,200,1500,1.000000,0.000000,1.000000,0.000000
0x3f0296bf652e19bca772ec3df08b32732f93014a,19,1755614524,86400,13101,1.107903e-04,300,500,1500,1.000000,0.000000,1.000000,0.000000
0x3f0296bf652e19bca772ec3df08b32732f93014a,19,1755614524,86400,13101,1.107903e-04,300,1000,1500,1.000000,0.000000,1.000000,0.000000
0x3f0296bf652e19bca772ec3df08b32732f93014a,19,1755614524,86400,13101,1.107903e-04,600,200,1500,1.000000,0.000000,0.999975,0.000025
0x3f0296bf652e19bca772ec3df08b32732f93014a,19,1755614524,86400,13101,1.107903e-04,600,500,1500,1.000000,0.000000,1.000000,0.000000
0x3f0296bf652e19bca772ec3df08b32732f93014a,19,1755614524,86400,13101,1.107903e-04,600,1000,1500,1.000000,0.000000,1.000000,0.000000
0x3f0296bf652e19bca772ec3df08b32732f93014a,19,1755614524,86400,13101,1.107903e-04,1800,200,1500,0.998777,0.011879,0.992120,0.006657
0x3f0296bf652e19bca772ec3df08b32732f93014a,19,1755614524,86400,13101,1.107903e-04,1800,500,1500,1.000000,0.000000,1.000000,0.000000
0x3f0296bf652e19bca772ec3df08b32732f93014a,19,1755614524,86400,13101,1.107903e-04,1800,1000,1500,1.000000,0.000000,1.000000,0.000000
0x3f0296bf652e19bca772ec3df08b32732f93014a,19,1755614524,86400,13101,1.107903e-04,3600,200,1500,0.987520,0.060318,0.954804,0.032716
0x3f0296bf652e19bca772ec3df08b32732f93014a,19,1755614524,86400,13101,1.107903e-04,3600,500,1500,1.000000,0.000000,0.999982,0.000018
0x3f0296bf652e19bca772ec3df08b32732f93014a,19,1755614524,86400,13101,1.107903e-04,3600,1000,1500,1.000000,0.000000,1.000000,0.000000
0x3f0296bf652e19bca772ec3df08b32732f93014a,19,1755614524,86400,13101,1.107903e-04,7200,200,1500,0.968939,0.105828,0.869296,0.099643
0x3f0296bf652e19bca772ec3df08b32732f93014a,19,1755614524,86400,13101,1.107903e-04,7200,500,1500,1.000000,0.000000,0.998606,0.001394
0x3f0296bf652e19bca772ec3df08b32732f93014a,19,1755614524,86400,13101,1.107903e-04,7200,1000,1500,1.000000,0.000000,1.000000,0.000000
0x3f0296bf652e19bca772ec3df08b32732f93014a,19,1755614524,86400,13101,1.107903e-04,21600,200,1500,0.883157,0.207372,0.663316,0.219841
0x3f0296bf652e19bca772ec3df08b32732f93014a,19,1755614524,86400,13101,1.107903e-04,21600,500,1500,0.999999,0.000012,0.958280,0.041719
0x3f0296bf652e19bca772ec3df08b32732f93014a,19,1755614524,86400,13101,1.107903e-04,21600,1000,1500,1.000000,0.000000,0.999689,0.000311
0x3f0296bf652e19bca772ec3df08b32732f93014a,19,1755614524,86400,13101,1.107903e-04,43200,200,1500,0.796117,0.271929,0.525962,0.270155
0x3f0296bf652e19bca772ec3df08b32732f93014a,19,1755614524,86400,13101,1.107903e-04,43200,500,1500,0.997829,0.014994,0.875625,0.122204
0x3f0296bf652e19bca772ec3df08b32732f93014a,19,1755614524,86400,13101,1.107903e-04,43200,1000,1500,1.000000,0.000000,0.993110,0.006890
0x3f0296bf652e19bca772ec3df08b32732f93014a,20,1756636629,86400,10042,7.415453e-05,2,200,1500,1.000000,0.000000,1.000000,0.000000
0x3f0296bf652e19bca772ec3df08b32732f93014a,20,1756636629,86400,10042,7.415453e-05,2,500,1500,1.000000,0.000000,1.000000,0.000000
0x3f0296bf652e19bca772ec3df08b32732f93014a,20,1756636629,86400,10042,7.415453e-05,2,1000,1500,1.000000,0.000000,1.000000,0.000000
0x3f0296bf652e19bca772ec3df08b32732f93014a,20,1756636629,86400,10042,7.415453e-05,10,200,1500,1.000000,0.000000,1.000000,0.000000
0x3f0296bf652e19bca772ec3df08b32732f93014a,20,1756636629,86400,10042,7.415453e-05,10,500,1500,1.000000,0.000000,1.000000,0.000000
0x3f0296bf652e19bca772ec3df08b32732f93014a,20,1756636629,86400,10042,7.415453e-05,10,1000,1500,1.000000,0.000000,1.000000,0.000000
0x3f0296bf652e19bca772ec3df08b32732f93014a,20,1756636629,86400,10042,7.415453e-05,30,200,1500,1.000000,0.000000,1.000000,0.000000
0x3f0296bf652e19bca772ec3df08b32732f93014a,20,1756636629,86400,10042,7.415453e-05,30,500,1500,1.000000,0.000000,1.000000,0.000000
0x3f0296bf652e19bca772ec3df08b32732f93014a,20,1756636629,86400,10042,7.415453e-05,30,1000,1500,1.000000,0.000000,1.000000,0.000000
0x3f0296bf652e19bca772ec3df08b32732f93014a,20,1756636629,86400,10042,7.415453e-05,60,200,1500,1.000000,0.000000,1.000000,0.000000
0x3f0296bf652e19bca772ec3df08b32732f93014a,20,1756636629,86400,10042,7.415453e-05,60,500,1500,1.000000,0.000000,1.000000,0.000000
0x3f0296bf652e19bca772ec3df08b32732f93014a,20,1756636629,86400,10042,7.415453e-05,60,1000,1500,1.000000,0.000000,1.000000,0.000000
0x3f0296bf652e19bca772ec3df08b32732f93014a,20,1756636629,86400,10042,7.415453e-05,120,200,1500,1.000000,0.000000,1.000000,0.000000
0x3f0296bf652e19bca772ec3df08b32732f93014a,20,1756636629,86400,10042,7.415453e-05,120,500,1500,1.000000,0.000000,1.000000,0.000000
0x3f0296bf652e19bca772ec3df08b32732f93014a,20,1756636629,86400,10042,7.415453e-05,120,1000,1500,1.000000,0.000000,1.000000,0.000000
0x3f0296bf652e19bca772ec3df08b32732f93014a,20,1756636629,86400,10042,7.415453e-05,300,200,1500,1.000000,0.000000,1.000000,0.000000
0x3f0296bf652e19bca772ec3df08b32732f93014a,20,1756636629,86400,10042,7.415453e-05,300,500,1500,1.000000,0.000000,1.000000,0.000000
0x3f0296bf652e19bca772ec3df08b32732f93014a,20,1756636629,86400,10042,7.415453e-05,300,1000,1500,1.000000,0.000000,1.000000,0.000000
0x3f0296bf652e19bca772ec3df08b32732f93014a,20,1756636629,86400,10042,7.415453e-05,600,200,1500,1.000000,0.000000,1.000000,0.000000
0x3f0296bf652e19bca772ec3df08b32732f93014a,20,1756636629,86400,10042,7.415453e-05,600,500,1500,1.000000,0.000000,1.000000,0.000000
0x3f0296bf652e19bca772ec3df08b32732f93014a,20,1756636629,86400,10042,7.415453e-05,600,1000,1500,1.000000,0.000000,1.000000,0.000000
0x3f0296bf652e19bca772ec3df08b32732f93014a,20,1756636629,86400,10042,7.415453e-05,1800,200,1500,0.999747,0.004883,0.999795,-0.000047
0x3f0296bf652e19bca772ec3df08b32732f93014a,20,1756636629,86400,10042,7.415453e-05,1800,500,1500,1.000000,0.000000,1.000000,0.000000
0x3f0296bf652e19bca772ec3df08b32732f93014a,20,1756636629,86400,10042,7.415453e-05,1800,1000,1500,1.000000,0.000000,1.000000,0.000000
0x3f0296bf652e19bca772ec3df08b32732f93014a,20,1756636629,86400,10042,7.415453e-05,3600,200,1500,0.990327,0.062538,0.994563,-0.004237
0x3f0296bf652e19bca772ec3df08b32732f93014a,20,1756636629,86400,10042,7.415453e-05,3600,500,1500,1.000000,0.000000,1.000000,0.000000
0x3f0296bf652e19bca772ec3df08b32732f93014a,20,1756636629,86400,10042,7.415453e-05,3600,1000,1500,1.000000,0.000000,1.000000,0.000000
0x3f0296bf652e19bca772ec3df08b32732f93014a,20,1756636629,86400,10042,7.415453e-05,7200,200,1500,0.977191,0.097239,0.963757,0.013434
0x3f0296bf652e19bca772ec3df08b32732f93014a,20,1756636629,86400,10042,7.415453e-05,7200,500,1500,0.999655,0.005094,0.999993,-0.000338
0x3f0296bf652e19bca772ec3df08b32732f93014a,20,1756636629,86400,10042,7.415453e-05,7200,1000,1500,1.000000,0.000000,1.000000,0.000000
0x3f0296bf652e19bca772ec3df08b32732f93014a,20,1756636629,86400,10042,7.415453e-05,21600,200,1500,0.795514,0.257556,0.819581,-0.024066
0x3f0296bf652e19bca772ec3df08b32732f93014a,20,1756636629,86400,10042,7.415453e-05,21600,500,1500,0.988060,0.044178,0.995303,-0.007243
0x3f0296bf652e19bca772ec3df08b32732f93014a,20,1756636629,86400,10042,7.415453e-05,21600,1000,1500,1.000000,0.000000,1.000000,0.000000
0x3f0296bf652e19bca772ec3df08b32732f93014a,20,1756636629,86400,10042,7.415453e-05,43200,200,1500,0.718191,0.296475,0.685534,0.032657
0x3f0296bf652e19bca772ec3df08b32732f93014a,20,1756636629,86400,10042,7.415453e-05,43200,500,1500,0.928271,0.127505,0.966765,-0.038494
0x3f0296bf652e19bca772ec3df08b32732f93014a,20,1756636629,86400,10042,7.415453e-05,43200,1000,1500,1.000000,0.000000,0.999841,0.000159
0x3f0296bf652e19bca772ec3df08b32732f93014a,21,1757658735,86400,10943,9.885677e-05,2,200,1500,1.000000,0.000000,1.000000,0.000000
0x3f0296bf652e19bca772ec3df08b32732f93014a,21,1757658735,86400,10943,9.885677e-05,2,500,1500,1.000000,0.000000,1.000000,0.000000
0x3f0296bf652e19bca772ec3df08b32732f93014a,21,1757658735,86400,10943,9.885677e-05,2,1000,1500,1.000000,0.000000,1.000000,0.000000
0x3f0296bf652e19bca772ec3df08b32732f93014a,21,1757658735,86400,10943,9.885677e-05,10,200,1500,1.000000,0.000000,1.000000,0.000000
0x3f0296bf652e19bca772ec3df08b32732f93014a,21,1757658735,86400,10943,9.885677e-05,10,500,1500,1.000000,0.000000,1.000000,0.000000
0x3f0296bf652e19bca772ec3df08b32732f93014a,21,1757658735,86400,10943,9.885677e-05,10,1000,1500,1.000000,0.000000,1.000000,0.000000
0x3f0296bf652e19bca772ec3df08b32732f93014a,21,1757658735,86400,10943,9.885677e-05,30,200,1500,1.000000,0.000000,1.000000,0.000000
0x3f0296bf652e19bca772ec3df08b32732f93014a,21,1757658735,86400,10943,9.885677e-05,30,500,1500,1.000000,0.000000,1.000000,0.000000
0x3f0296bf652e19bca772ec3df08b32732f93014a,21,1757658735,86400,10943,9.885677e-05,30,1000,1500,1.000000,0.000000,1.000000,0.000000
0x3f0296bf652e19bca772ec3df08b32732f93014a,21,1757658735,86400,10943,9.885677e-05,60,200,1500,1.000000,0.000000,1.000000,0.000000
0x3f0296bf652e19bca772ec3df08b32732f93014a,21,1757658735,86400,10943,9.885677e-05,60,500,1500,1.000000,0.000000,1.000000,0.000000
0x3f0296bf652e19bca772ec3df08b32732f93014a,21,1757658735,86400,10943,9.885677e-05,60,1000,1500,1.000000,0.000000,1.000000,0.000000
0x3f0296bf652e19bca772ec3df08b32732f93014a,21,1757658735,86400,10943,9.885677e-05,120,200,1500,1.000000,0.000000,1.000000,0.000000
0x3f0296bf652e19bca772ec3df08b32732f93014a,21,1757658735,86400,10943,9.885677e-05,120,500,1500,1.000000,0.000000,1.000000,0.000000
0x3f0296bf652e19bca772ec3df08b32732f93014a,21,1757658735,86400,10943,9.885677e-05,120,1000,1500,1.000000,0.000000,1.000000,0.000000
0x3f0296bf652e19bca772ec3df08b32732f93014a,21,1757658735,86400,10943,9.885677e-05,300,200,1500,1.000000,0.000000,1.000000,0.000000
0x3f0296bf652e19bca772ec3df08b32732f93014a,21,1757658735,86400,10943,9.885677e-05,300,500,1500,1.000000,0.000000,1.000000,0.000000
0x3f0296bf652e19bca772ec3df08b32732f93014a,21,1757658735,86400,10943,9.885677e-05,300,1000,1500,1.000000,0.000000,1.000000,0.000000
0x3f0296bf652e19bca772ec3df08b32732f93014a,21,1757658735,86400,10943,9.885677e-05,600,200,1500,1.000000,0.000000,0.999997,0.000003
0x3f0296bf652e19bca772ec3df08b32732f93014a,21,1757658735,86400,10943,9.885677e-05,600,500,1500,1.000000,0.000000,1.000000,0.000000
0x3f0296bf652e19bca772ec3df08b32732f93014a,21,1757658735,86400,10943,9.885677e-05,600,1000,1500,1.000000,0.000000,1.000000,0.000000
0x3f0296bf652e19bca772ec3df08b32732f93014a,21,1757658735,86400,10943,9.885677e-05,1800,200,1500,1.000000,0.000000,0.996487,0.003513
0x3f0296bf652e19bca772ec3df08b32732f93014a,21,1757658735,86400,10943,9.885677e-05,1800,500,1500,1.000000,0.000000,1.000000,0.000000
0x3f0296bf652e19bca772ec3df08b32732f93014a,21,1757658735,86400,10943,9.885677e-05,1800,1000,1500,1.000000,0.000000,1.000000,0.000000
0x3f0296bf652e19bca772ec3df08b32732f93014a,21,1757658735,86400,10943,9.885677e-05,3600,200,1500,0.999777,0.003956,0.971995,0.027782
0x3f0296bf652e19bca772ec3df08b32732f93014a,21,1757658735,86400,10943,9.885677e-05,3600,500,1500,1.000000,0.000000,0.999998,0.000002
0x3f0296bf652e19bca772ec3df08b32732f93014a,21,1757658735,86400,10943,9.885677e-05,3600,1000,1500,1.000000,0.000000,1.000000,0.000000
0x3f0296bf652e19bca772ec3df08b32732f93014a,21,1757658735,86400,10943,9.885677e-05,7200,200,1500,0.992000,0.035373,0.902715,0.089285
0x3f0296bf652e19bca772ec3df08b32732f93014a,21,1757658735,86400,10943,9.885677e-05,7200,500,1500,1.000000,0.000000,0.999562,0.000438
0x3f0296bf652e19bca772ec3df08b32732f93014a,21,1757658735,86400,10943,9.885677e-05,7200,1000,1500,1.000000,0.000000,1.000000,0.000000
0x3f0296bf652e19bca772ec3df08b32732f93014a,21,1757658735,86400,10943,9.885677e-05,21600,200,1500,0.830866,0.211600,0.709320,0.121546
0x3f0296bf652e19bca772ec3df08b32732f93014a,21,1757658735,86400,10943,9.885677e-05,21600,500,1500,0.999957,0.000542,0.974519,0.025439
0x3f0296bf652e19bca772ec3df08b32732f93014a,21,1757658735,86400,10943,9.885677e-05,21600,1000,1500,1.000000,0.000000,0.999929,0.000071
0x3f0296bf652e19bca772ec3df08b32732f93014a,21,1757658735,86400,10943,9.885677e-05,43200,200,1500,0.661101,0.281375,0.570061,0.091041
0x3f0296bf652e19bca772ec3df08b32732f93014a,21,1757658735,86400,10943,9.885677e-05,43200,500,1500,0.972785,0.055580,0.908182,0.064602
0x3f0296bf652e19bca772ec3df08b32732f93014a,21,1757658735,86400,10943,9.885677e-05,43200,1000,1500,1.000000,0.000000,0.997008,0.002992
0x3f0296bf652e19bca772ec3df08b32732f93014a,22,1758680841,86400,8950,9.102044e-05,2,200,1500,1.000000,0.000000,1.000000,0.000000
0x3f0296bf652e19bca772ec3df08b32732f93014a,22,1758680841,86400,8950,9.102044e-05,2,500,1500,1.000000,0.000000,1.000000,0.000000
0x3f0296bf652e19bca772ec3df08b32732f93014a,22,1758680841,86400,8950,9.102044e-05,2,1000,1500,1.000000,0.000000,1.000000,0.000000
0x3f0296bf652e19bca772ec3df08b32732f93014a,22,1758680841,86400,8950,9.102044e-05,10,200,1500,1.000000,0.000000,1.000000,0.000000
0x3f0296bf652e19bca772ec3df08b32732f93014a,22,1758680841,86400,8950,9.102044e-05,10,500,1500,1.000000,0.000000,1.000000,0.000000
0x3f0296bf652e19bca772ec3df08b32732f93014a,22,1758680841,86400,8950,9.102044e-05,10,1000,1500,1.000000,0.000000,1.000000,0.000000
0x3f0296bf652e19bca772ec3df08b32732f93014a,22,1758680841,86400,8950,9.102044e-05,30,200,1500,1.000000,0.000000,1.000000,0.000000
0x3f0296bf652e19bca772ec3df08b32732f93014a,22,1758680841,86400,8950,9.102044e-05,30,500,1500,1.000000,0.000000,1.000000,0.000000
0x3f0296bf652e19bca772ec3df08b32732f93014a,22,1758680841,86400,8950,9.102044e-05,30,1000,1500,1.000000,0.000000,1.000000,0.000000
0x3f0296bf652e19bca772ec3df08b32732f93014a,22,1758680841,86400,8950,9.102044e-05,60,200,1500,1.000000,0.000000,1.000000,0.000000
0x3f0296bf652e19bca772ec3df08b32732f93014a,22,1758680841,86400,8950,9.102044e-05,60,500,1500,1.000000,0.000000,1.000000,0.000000
0x3f0296bf652e19bca772ec3df08b32732f93014a,22,1758680841,86400,8950,9.102044e-05,60,1000,1500,1.000000,0.000000,1.000000,0.000000
0x3f0296bf652e19bca772ec3df08b32732f93014a,22,1758680841,86400,8950,9.102044e-05,120,200,1500,1.000000,0.000000,1.000000,0.000000
0x3f0296bf652e19bca772ec3df08b32732f93014a,22,1758680841,86400,8950,9.102044e-05,120,500,1500,1.000000,0.000000,1.000000,0.000000
0x3f0296bf652e19bca772ec3df08b32732f93014a,22,1758680841,86400,8950,9.102044e-05,120,1000,1500,1.000000,0.000000,1.000000,0.000000
0x3f0296bf652e19bca772ec3df08b32732f93014a,22,1758680841,86400,8950,9.102044e-05,300,200,1500,1.000000,0.000000,1.000000,0.000000
0x3f0296bf652e19bca772ec3df08b32732f93014a,22,1758680841,86400,8950,9.102044e-05,300,500,1500,1.000000,0.000000,1.000000,0.000000
0x3f0296bf652e19bca772ec3df08b32732f93014a,22,1758680841,86400,8950,9.102044e-05,300,1000,1500,1.000000,0.000000,1.000000,0.000000
0x3f0296bf652e19bca772ec3df08b32732f93014a,22,1758680841,86400,8950,9.102044e-05,600,200,1500,1.000000,0.000000,0.999999,0.000001
0x3f0296bf652e19bca772ec3df08b32732f93014a,22,1758680841,86400,8950,9.102044e-05,600,500,1500,1.000000,0.000000,1.000000,0.000000
0x3f0296bf652e19bca772ec3df08b32732f93014a,22,1758680841,86400,8950,9.102044e-05,600,1000,1500,1.000000,0.000000,1.000000,0.000000
0x3f0296bf652e19bca772ec3df08b32732f93014a,22,1758680841,86400,8950,9.102044e-05,1800,200,1500,0.996697,0.036791,0.998227,-0.001530
0x3f0296bf652e19bca772ec3df08b32732f93014a,22,1758680841,86400,8950,9.102044e-05,1800,500,1500,1.000000,0.000000,1.000000,0.000000
0x3f0296bf652e19bca772ec3df08b32732f93014a,22,1758680841,86400,8950,9.102044e-05,1800,1000,1500,1.000000,0.000000,1.000000,0.000000
0x3f0296bf652e19bca772ec3df08b32732f93014a,22,1758680841,86400,8950,9.102044e-05,3600,200,1500,0.992151,0.053577,0.981234,0.010917
0x3f0296bf652e19bca772ec3df08b32732f93014a,22,1758680841,86400,8950,9.102044e-05,3600,500,1500,1.000000,0.000000,1.000000,0.000000
0x3f0296bf652e19bca772ec3df08b32732f93014a,22,1758680841,86400,8950,9.102044e-05,3600,1000,1500,1.000000,0.000000,1.000000,0.000000
0x3f0296bf652e19bca772ec3df08b32732f93014a,22,1758680841,86400,8950,9.102044e-05,7200,200,1500,0.973546,0.112210,0.923803,0.049743
0x3f0296bf652e19bca772ec3df08b32732f93014a,22,1758680841,86400,8950,9.102044e-05,7200,500,1500,1.000000,0.000000,0.999837,0.000163
0x3f0296bf652e19bca772ec3df08b32732f93014a,22,1758680841,86400,8950,9.102044e-05,7200,1000,1500,1.000000,0.000000,1.000000,0.000000
0x3f0296bf652e19bca772ec3df08b32732f93014a,22,1758680841,86400,8950,9.102044e-05,21600,200,1500,0.937390,0.170946,0.742182,0.195208
0x3f0296bf652e19bca772ec3df08b32732f93014a,22,1758680841,86400,8950,9.102044e-05,21600,500,1500,0.999478,0.006818,0.983134,0.016344
0x3f0296bf652e19bca772ec3df08b32732f93014a,22,1758680841,86400,8950,9.102044e-05,21600,1000,1500,1.000000,0.000000,0.999980,0.000020
0x3f0296bf652e19bca772ec3df08b32732f93014a,22,1758680841,86400,8950,9.102044e-05,43200,200,1500,0.816562,0.239377,0.602823,0.213739
0x3f0296bf652e19bca772ec3df08b32732f93014a,22,1758680841,86400,8950,9.102044e-05,43200,500,1500,0.989177,0.060470,0.928583,0.060594
0x3f0296bf652e19bca772ec3df08b32732f93014a,22,1758680841,86400,8950,9.102044e-05,43200,1000,1500,1.000000,0.000000,0.998524,0.001476
0x3f0296bf652e19bca772ec3df08b32732f93014a,23,1759702947,86400,9327,1.043541e-04,2,200,1500,1.000000,0.000000,1.000000,0.000000
0x3f0296bf652e19bca772ec3df08b32732f93014a,23,1759702947,86400,9327,1.043541e-04,2,500,1500,1.000000,0.000000,1.000000,0.000000
0x3f0296bf652e19bca772ec3df08b32732f93014a,23,1759702947,86400,9327,1.043541e-04,2,1000,1500,1.000000,0.000000,1.000000,0.000000
0x3f0296bf652e19bca772ec3df08b32732f93014a,23,1759702947,86400,9327,1.043541e-04,10,200,1500,1.000000,0.000000,1.000000,0.000000
0x3f0296bf652e19bca772ec3df08b32732f93014a,23,1759702947,86400,9327,1.043541e-04,10,500,1500,1.000000,0.000000,1.000000,0.000000
0x3f0296bf652e19bca772ec3df08b32732f93014a,23,1759702947,86400,9327,1.043541e-04,10,1000,1500,1.000000,0.000000,1.000000,0.000000
0x3f0296bf652e19bca772ec3df08b32732f93014a,23,1759702947,86400,9327,1.043541e-04,30,200,1500,1.000000,0.000000,1.000000,0.000000
0x3f0296bf652e19bca772ec3df08b32732f93014a,23,1759702947,86400,9327,1.043541e-04,30,500,1500,1.000000,0.000000,1.000000,0.000000
0x3f0296bf652e19bca772ec3df08b32732f93014a,23,1759702947,86400,9327,1.043541e-04,30,1000,1500,1.000000,0.000000,1.000000,0.000000
0x3f0296bf652e19bca772ec3df08b32732f93014a,23,1759702947,86400,9327,1.043541e-04,60,200,1500,1.000000,0.000000,1.000000,0.000000
0x3f0296bf652e19bca772ec3df08b32732f93014a,23,1759702947,86400,9327,1.043541e-04,60,500,1500,1.000000,0.000000,1.000000,0.000000
0x3f0296bf652e19bca772ec3df08b32732f93014a,23,1759702947,86400,9327,1.043541e-04,60,1000,1500,1.000000,0.000000,1.000000,0.000000
0x3f0296bf652e19bca772ec3df08b32732f93014a,23,1759702947,86400,9327,1.043541e-04,120,200,1500,1.000000,0.000000,1.000000,0.000000
0x3f0296bf652e19bca772ec3df08b32732f93014a,23,1759702947,86400,9327,1.043541e-04,120,500,1500,1.000000,0.000000,1.000000,0.000000
0x3f0296bf652e19bca772ec3df08b32732f93014a,23,1759702947,86400,9327,1.043541e-04,120,1000,1500,1.000000,0.000000,1.000000,0.000000
0x3f0296bf652e19bca772ec3df08b32732f93014a,23,1759702947,86400,9327,1.043541e-04,300,200,1500,1.000000,0.000000,1.000000,0.000000
0x3f0296bf652e19bca772ec3df08b32732f93014a,23,1759702947,86400,9327,1.043541e-04,300,500,1500,1.000000,0.000000,1.000000,0.000000
0x3f0296bf652e19bca772ec3df08b32732f93014a,23,1759702947,86400,9327,1.043541e-04,300,1000,1500,1.000000,0.000000,1.000000,0.000000
0x3f0296bf652e19bca772ec3df08b32732f93014a,23,1759702947,86400,9327,1.043541e-04,600,200,1500,1.000000,0.000000,0.999991,0.000009
0x3f0296bf652e19bca772ec3df08b32732f93014a,23,1759702947,86400,9327,1.043541e-04,600,500,1500,1.000000,0.000000,1.000000,0.000000
0x3f0296bf652e19bca772ec3df08b32732f93014a,23,1759702947,86400,9327,1.043541e-04,600,1000,1500,1.000000,0.000000,1.000000,0.000000
0x3f0296bf652e19bca772ec3df08b32732f93014a,23,1759702947,86400,9327,1.043541e-04,1800,200,1500,0.999919,0.001703,0.994750,0.005169
0x3f0296bf652e19bca772ec3df08b32732f93014a,23,1759702947,86400,9327,1.043541e-04,1800,500,1500,1.000000,0.000000,1.000000,0.000000
0x3f0296bf652e19bca772ec3df08b32732f93014a,23,1759702947,86400,9327,1.043541e-04,1800,1000,1500,1.000000,0.000000,1.000000,0.000000
0x3f0296bf652e19bca772ec3df08b32732f93014a,23,1759702947,86400,9327,1.043541e-04,3600,200,1500,0.999651,0.005687,0.964500,0.035151
0x3f0296bf652e19bca772ec3df08b32732f93014a,23,1759702947,86400,9327,1.043541e-04,3600,500,1500,1.000000,0.000000,0.999994,0.000006
0x3f0296bf652e19bca772ec3df08b32732f93014a,23,1759702947,86400,9327,1.043541e-04,3600,1000,1500,1.000000,0.000000,1.000000,0.000000
0x3f0296bf652e19bca772ec3df08b32732f93014a,23,1759702947,86400,9327,1.043541e-04,7200,200,1500,0.994452,0.030552,0.887439,0.107013
0x3f0296bf652e19bca772ec3df08b32732f93014a,23,1759702947,86400,9327,1.043541e-04,7200,500,1500,1.000000,0.000000,0.999220,0.000780
0x3f0296bf652e19bca772ec3df08b32732f93014a,23,1759702947,86400,9327,1.043541e-04,7200,1000,1500,1.000000,0.000000,1.000000,0.000000
0x3f0296bf652e19bca772ec3df08b32732f93014a,23,1759702947,86400,9327,1.043541e-04,21600,200,1500,0.941066,0.126516,0.687528,0.253538
0x3f0296bf652e19bca772ec3df08b32732f93014a,23,1759702947,86400,9327,1.043541e-04,21600,500,1500,1.000000,0.000000,0.967466,0.032534
0x3f0296bf652e19bca772ec3df08b32732f93014a,23,1759702947,86400,9327,1.043541e-04,21600,1000,1500,1.000000,0.000000,0.999851,0.000149
0x3f0296bf652e19bca772ec3df08b32732f93014a,23,1759702947,86400,9327,1.043541e-04,43200,200,1500,0.788657,0.209565,0.548936,0.239721
0x3f0296bf652e19bca772ec3df08b32732f93014a,23,1759702947,86400,9327,1.043541e-04,43200,500,1500,0.999862,0.001479,0.893331,0.106531
0x3f0296bf652e19bca772ec3df08b32732f93014a,23,1759702947,86400,9327,1.043541e-04,43200,1000,1500,1.000000,0.000000,0.995470,0.004530
